"displ_1999","displ_2000","displ_2001","displ_2002","displ_2003","displ_2004","displ_2005","displ_2006","displ_2007","displ_2008","displ_2009","displ_2010","displ_2011","displ_2012","displ_2013","displ_2014","admin2Pcod","displ_mean"
10040,4500,21000,23033,7436,19346,10043,16294,17301,26847,27284,17642,29460,16096,9952,2637,"CO05001",16181.9375
0,0,91,56,6,129,42,26,58,35,15,53,28,45,11,17,"CO05002",38.25
0,0,0,0,0,0,0,NA,6,0,3,9,0,7,0,3,"CO05004",1.86666666666667
0,0,860,0,0,0,10,NA,12,NA,13,37,7,11,3,0,"CO05021",68.0714285714286
0,0,0,8,0,10,51,24,37,16,15,40,10,71,131,47,"CO05030",28.75
0,0,50,0,4,21,0,22,39,48,31,149,5941,274,286,51,"CO05031",432.25
20,0,0,15,1,48,0,NA,16,24,19,209,46,152,147,71,"CO05034",51.2
120,0,135,0,0,7,0,NA,0,0,14,27,11,12,68,1,"CO05036",26.3333333333333
0,0,0,0,0,0,0,NA,7,1,NA,61,6,34,75,32,"CO05038",15.4285714285714
0,0,160,0,3,248,45,26,102,2050,46,191,5045,335,352,65,"CO05040",541.75
0,60,25,40,55,22,0,NA,86,43,16,45,40,73,40,13,"CO05042",37.2
0,2800,0,0,0,30,0,NA,0,6,NA,40,10,21,20,5,"CO05044",209.428571428571
550,395,1420,824,746,1443,1287,1314,1634,2635,2575,2983,767,1070,1058,362,"CO05045",1316.4375
0,259,60,4,0,0,3,9,49,10,NA,211,21,197,145,36,"CO05051",66.9333333333333
0,0,0,1025,1648,708,993,1747,79,153,34,47,249,79,56,23,"CO05055",427.5625
0,0,0,0,16,10,0,NA,0,0,NA,0,0,67,56,9,"CO05059",11.2857142857143
0,550,212,98,63,71,39,9,77,66,46,91,55,112,119,40,"CO05079",103
0,0,0,0,0,0,0,NA,0,NA,4,22,3,9,29,7,"CO05086",5.28571428571429
600,20,313,668,549,723,397,568,734,3175,4924,3115,1423,615,607,346,"CO05088",1173.5625
0,100,0,0,6,0,0,8,15,5,17,22,0,17,34,7,"CO05091",14.4375
550,1522,101,0,3,12,29,31,18,44,73,169,39,68,46,16,"CO05093",170.0625
0,0,0,0,0,24,19,NA,6,19,14,92,29,87,82,14,"CO05101",25.7333333333333
0,124,0,4,21,0,0,16,12,21,9,163,8,416,372,129,"CO05107",80.9375
18,22,2550,0,0,15,32,NA,19,0,6,31,7,50,81,22,"CO05113",190.2
40,0,410,5,14,85,0,25,87,170,138,1579,664,1231,627,358,"CO05120",339.5625
0,0,0,0,16,5,0,20,0,24,11,151,10,76,60,34,"CO05125",25.4375
0,0,120,53,129,19,48,37,42,32,25,87,90,68,135,29,"CO05129",57.125
0,50,0,0,6,0,0,NA,0,6,19,151,15,157,127,58,"CO05134",39.2666666666667
40,50,150,0,21,7,0,7,6,25,20,206,27,128,123,38,"CO05138",53
0,0,0,0,0,0,0,NA,0,NA,NA,34,16,31,14,3,"CO05142",7.53846153846154
0,0,45,0,0,0,0,NA,0,0,NA,17,4,10,7,0,"CO05145",5.92857142857143
3150,1000,1890,177,31,75,135,85,215,174,298,297,251,359,409,142,"CO05147",543
0,198,423,204,756,246,328,44,157,27,49,89,38,51,65,21,"CO05148",168.5
0,30,10,37,0,0,0,NA,0,NA,1,10,2,17,7,1,"CO05150",8.21428571428571
160,0,250,276,100,143,376,126,271,568,762,3323,1009,835,866,272,"CO05154",583.5625
360,395,280,150,0,40,88,58,106,389,221,681,298,937,458,165,"CO05172",289.125
34,0,85,0,0,0,23,9,2,26,9,49,55,33,27,20,"CO05190",23.25
0,2325,0,93,449,1280,46,35,176,58,56,80,30,65,106,25,"CO05197",301.5
57,75,255,45,66,6,0,NA,0,5,17,12,1,5,0,0,"CO05206",36.2666666666667
198,35,80,0,12,7,0,11,11,7,10,80,15,70,57,10,"CO05209",37.6875
0,0,60,67,110,26,59,38,76,87,98,61,170,43,70,23,"CO05212",61.75
694,202,183,25,163,1006,42,75,106,235,96,616,57,489,221,69,"CO05234",267.4375
0,0,0,0,12,522,15,NA,21,68,66,16,47,68,37,11,"CO05237",58.8666666666667
0,0,0,20,0,5,0,NA,0,0,9,41,0,52,33,8,"CO05240",11.2
0,1400,110,31,0,218,51,20,86,93,49,772,180,786,2336,477,"CO05250",413.0625
0,0,0,0,0,0,0,NA,7,0,NA,9,17,7,15,4,"CO05264",4.21428571428571
0,0,323,55,34,170,73,61,76,74,124,43,688,40,41,1,"CO05266",112.6875
0,0,0,0,0,0,0,NA,0,7,7,30,36,13,50,20,"CO05282",10.8666666666667
165,1000,55,20,74,23,0,16,18,53,58,182,39,157,114,27,"CO05284",125.0625
0,0,0,0,0,0,0,NA,0,5,12,13,0,7,20,11,"CO05306",4.53333333333333
0,0,134,52,10,0,58,21,24,24,32,9,78,21,63,67,"CO05308",37.0625
0,60,0,0,0,0,0,NA,0,NA,NA,21,13,19,22,12,"CO05310",11.3076923076923
465,80,449,2136,410,590,79,274,34,188,26,45,24,38,10,12,"CO05313",303.75
0,0,0,0,15,0,0,NA,4,0,NA,74,10,75,34,6,"CO05315",15.5714285714286
0,40,144,93,19,71,17,36,79,47,46,19,66,27,16,15,"CO05318",45.9375
86,0,229,7,12,0,0,9,0,17,NA,8,8,3,5,3,"CO05321",25.8
0,140,60,0,0,0,0,NA,0,1,NA,16,12,44,19,9,"CO05347",21.5
0,0,0,0,0,0,0,NA,0,0,NA,1,0,17,10,6,"CO05353",2.42857142857143
0,19,230,374,177,199,243,173,215,380,602,511,1188,480,472,100,"CO05360",335.1875
261,4050,820,1420,13,1608,166,23,594,565,1722,2176,828,928,742,225,"CO05361",1008.8125
41,0,40,0,0,0,3,16,7,8,3,40,0,31,20,13,"CO05364",13.875
0,0,0,0,0,0,19,NA,0,0,NA,18,10,16,1,1,"CO05368",4.64285714285714
0,400,268,84,237,164,304,96,122,126,189,34,41,36,19,13,"CO05376",133.3125
0,0,55,36,55,31,40,15,29,47,79,23,84,109,108,9,"CO05380",45
0,0,63,0,4,0,0,NA,0,1,NA,27,8,24,3,3,"CO05390",9.5
0,700,60,105,163,99,52,31,67,59,30,37,28,38,32,0,"CO05400",93.8125
25,0,0,0,0,0,0,16,0,1,8,31,20,33,21,5,"CO05411",10
0,0,0,14,32,7,0,9,14,35,36,67,8,33,32,10,"CO05425",18.5625
0,222,413,282,311,86,90,26,42,97,76,41,84,43,34,13,"CO05440",116.25
0,0,212,0,46,19,0,NA,7,8,NA,28,3,32,35,2,"CO05467",28
0,3057,770,14,0,294,47,NA,37,25,NA,45,0,39,38,6,"CO05475",312.285714285714
1080,198,207,125,10,84,0,3092,286,318,411,229,37,596,278,50,"CO05480",437.5625
0,0,10,30,260,151,164,1366,122,21,23,110,50,85,168,61,"CO05483",163.8125
55,52,116,78,0,21,0,NA,40,2,34,284,4,245,280,65,"CO05490",85.0666666666667
100,0,125,0,0,43,223,14,63,500,112,1640,248,388,267,106,"CO05495",239.3125
0,0,0,0,0,0,0,NA,0,0,NA,34,0,4,27,8,"CO05501",5.21428571428571
0,72,389,22,437,24,0,50,3,9,16,26,17,67,21,26,"CO05541",73.6875
0,400,5535,0,24,396,0,NA,8,11,7,222,7,30,67,23,"CO05543",448.666666666667
0,0,0,25,0,12,0,NA,0,1,5,22,4,47,30,3,"CO05576",9.93333333333333
0,0,108,79,48,10,55,9,4,57,48,471,86,473,518,104,"CO05579",129.375
5,0,1250,870,4,25,38,NA,34,5,7,69,4,91,51,42,"CO05585",166.333333333333
39,0,897,178,182,125,57,11,73,45,27,85,31,46,62,7,"CO05591",116.5625
281,450,715,30,41,13,28,27,792,40,80,155,124,1006,498,59,"CO05604",271.1875
0,322,296,4,1,25,0,NA,7,36,NA,4,8,9,10,0,"CO05607",51.5714285714286
0,400,394,417,620,746,241,171,212,247,154,69,181,138,60,31,"CO05615",255.0625
95,15,415,0,0,5,0,NA,1,0,9,147,15,91,129,42,"CO05628",64.2666666666667
0,0,131,74,63,14,32,NA,60,28,35,123,56,20,12,9,"CO05631",43.8
75,0,0,40,12,31,0,NA,6,18,31,111,39,232,100,49,"CO05642",49.6
0,0,30,0,0,20,17,NA,9,22,14,66,35,144,93,38,"CO05647",32.5333333333333
233,80,245,562,1680,2120,35,15,59,113,36,137,62,56,30,11,"CO05649",342.125
27,500,79,0,1760,2901,542,12,191,72,NA,28,18,41,9,18,"CO05652",413.2
0,0,35,0,0,0,0,NA,0,NA,NA,13,11,5,9,2,"CO05656",5.76923076923077
0,0,0,0,0,0,0,NA,0,0,NA,18,0,17,27,0,"CO05658",4.42857142857143
0,93,0,17,0,5,31,NA,101,29,24,91,26,207,164,63,"CO05659",56.7333333333333
291,1600,1894,766,2893,1084,20,16,75,65,64,76,43,54,33,7,"CO05660",561.3125
0,0,0,3,29,8,0,NA,0,1,6,75,11,109,98,19,"CO05664",23.9333333333333
116,0,651,6,6,74,0,19,57,59,40,215,35,153,146,70,"CO05665",102.9375
83,2500,127,905,28,1248,47,79,55,262,67,105,47,39,35,4,"CO05667",351.9375
0,0,0,0,775,66,24,NA,2,29,23,84,47,69,92,14,"CO05670",81.6666666666667
0,85,114,125,53,17,0,14,16,11,17,63,10,63,24,11,"CO05674",38.9375
0,52,158,33,17,23,0,NA,19,34,40,43,21,30,53,21,"CO05679",36.2666666666667
0,66,40,2,6,0,0,NA,28,NA,6,27,84,376,126,31,"CO05686",56.5714285714286
232,40,311,5,7,15,20,NA,36,13,3,58,26,42,73,29,"CO05690",60.6666666666667
68,1380,449,83,212,40,68,27,10,NA,23,5,52,19,21,0,"CO05697",163.8
30,240,158,70,269,27,141,11,56,112,113,397,53,2063,1134,169,"CO05736",315.1875
0,80,192,342,1030,215,108,43,145,804,705,229,90,166,110,38,"CO05756",268.5625
0,0,0,27,3,0,9,NA,3,0,19,158,17,46,49,28,"CO05761",23.9333333333333
18,30,148,0,0,5,0,NA,0,3,NA,9,18,38,19,3,"CO05789",20.7857142857143
0,0,1500,0,19,31,46,115,170,3908,1544,1261,3132,1030,2182,353,"CO05790",955.6875
0,0,0,0,0,0,0,NA,2,0,NA,11,10,17,6,0,"CO05792",3.28571428571429
0,0,0,2,0,0,0,NA,0,NA,NA,6,2,14,19,12,"CO05809",4.23076923076923
830,0,45,0,0,10,0,NA,0,3,NA,127,13,159,90,39,"CO05819",94
500,136,350,215,276,464,228,104,276,622,780,937,8935,1823,1981,534,"CO05837",1135.0625
170,450,435,24,5,0,26,9,37,15,16,145,44,119,78,21,"CO05842",99.625
516,7450,0,71,98,565,1023,35,2767,549,211,710,193,408,364,112,"CO05847",942
4,0,0,10,47,17,33,NA,50,4150,327,795,47,422,256,107,"CO05854",417.666666666667
0,0,0,0,4,14,0,NA,0,0,2,5,3,9,5,0,"CO05856",2.8
0,0,20,15,4,8,0,NA,0,24,4,190,38,422,328,32,"CO05858",72.3333333333333
0,0,0,0,2,5,0,NA,0,3,11,18,24,19,29,6,"CO05861",7.8
383,0,0,0,201,21,15,NA,0,2,10,305,0,736,116,33,"CO05873",121.466666666667
300,0,400,0,6,41,32,NA,0,NA,NA,62,0,42,29,5,"CO05885",70.5384615384615
0,195,166,15,29,31,23,NA,43,276,101,337,136,648,419,157,"CO05887",171.733333333333
382,0,233,29,5,7,0,NA,18,12,2,124,12,107,94,25,"CO05890",70
670,3485,923,190,70,13,0,125,119,252,92,177,31,121,131,19,"CO05893",401.125
0,0,1150,0,2541,94,175,NA,44,533,313,910,329,731,668,183,"CO05895",511.4
3890,16048,5020,5502,1423,3033,6093,2427,3916,2689,2324,288,1325,298,328,116,"CO08001",3420
0,0,100,79,24,38,86,24,34,42,29,36,11,13,26,13,"CO08078",34.6875
70,0,15,125,0,8,21,NA,0,4,9,0,0,0,0,4,"CO08137",17.0666666666667
0,15,0,0,0,0,44,NA,0,0,NA,12,0,0,0,0,"CO08141",5.07142857142857
225,0,138,34,35,144,147,211,58,56,29,40,35,24,20,7,"CO08296",75.1875
60,0,0,8,0,0,0,NA,0,NA,NA,4,0,5,0,0,"CO08372",5.92307692307692
0,0,50,40,0,79,32,9,7,5,7,8,4,4,40,26,"CO08421",19.4375
785,230,335,725,213,1162,599,302,355,320,187,43,127,59,57,10,"CO08433",344.3125
0,0,32,42,5,8,11,NA,0,7,NA,19,0,0,0,0,"CO08436",8.85714285714286
300,120,0,73,10,30,35,NA,0,1,NA,8,8,0,0,0,"CO08520",41.7857142857143
0,0,0,0,0,0,5,NA,0,NA,NA,0,4,0,0,8,"CO08549",1.30769230769231
153,49,0,38,16,6,17,NA,2,1,NA,3,0,0,1,0,"CO08558",20.4285714285714
64,1250,642,53,3,10,10,10,8,4,NA,5,0,0,2,0,"CO08560",137.4
90,0,100,85,9,0,42,NA,55,24,16,0,46,0,24,9,"CO08573",33.3333333333333
25,0,20,77,0,0,16,NA,0,13,1,10,0,10,1,0,"CO08606",11.5333333333333
491,373,157,123,17,16,58,49,53,53,29,21,11,5,29,4,"CO08634",93.0625
356,0,83,148,28,16,46,25,27,44,18,31,37,30,11,11,"CO08638",56.9375
0,0,40,162,0,0,0,NA,0,3,4,9,0,0,0,2,"CO08675",14.6666666666667
85,695,296,76,60,39,96,148,49,25,19,12,17,9,0,0,"CO08685",101.625
1079,670,1085,3559,1013,1962,2843,1838,966,2938,1014,155,1458,132,171,76,"CO08758",1309.9375
0,1373,208,12,0,0,0,17,7,0,NA,0,0,0,0,0,"CO08770",107.8
0,69,0,63,13,16,12,14,10,8,11,10,3,0,0,0,"CO08832",14.3125
0,0,0,7,678,0,0,NA,0,0,NA,4,0,0,0,0,"CO08849",49.2142857142857
33143,43780,53520,51737,13074,31491,39176,31670,44791,56087,42999,26352,41246,626,387,178,"CO11001",31891.0625
6640,3858,5746,5825,3888,7069,9992,11178,6216,4364,4477,2705,1592,339,286,131,"CO13001",4644.125
375,50,55,47,71,56,29,13,3,6,NA,225,21,223,256,84,"CO13006",100.933333333333
360,0,0,0,0,5,0,NA,0,0,NA,186,7,30,67,3,"CO13030",47
260,350,0,0,55,278,35,NA,60,22,1,92,27,94,80,23,"CO13042",91.8
130,77,760,87,177,85,160,27,117,117,67,49,18,63,51,12,"CO13052",124.8125
0,0,0,0,0,0,0,NA,0,NA,NA,0,0,0,1,0,"CO13062",0.0769230769230769
270,38,50,196,61,17,0,NA,0,5,2,151,160,116,156,34,"CO13074",83.7333333333333
0,40,0,0,0,0,13,62,0,1,NA,32,0,15,3,5,"CO13140",11.4
2634,1190,1750,740,0,24,32,NA,70,37,18,381,22,128,103,15,"CO13160",476.266666666667
0,0,0,30,0,7,6,NA,0,0,11,3,0,17,8,0,"CO13188",5.46666666666667
0,900,20,457,0,34,0,14,51,NA,NA,140,0,15,15,5,"CO13212",117.928571428571
0,0,0,107,47,28,23,NA,1,3,NA,19,18,11,15,6,"CO13222",19.8571428571429
6301,8525,2960,981,2716,903,844,949,187,116,44,295,8,245,169,32,"CO13244",1579.6875
0,0,0,0,0,0,0,14,8,0,NA,27,0,6,13,2,"CO13248",4.66666666666667
0,0,0,0,5,0,0,NA,0,4,NA,26,1,14,14,7,"CO13268",5.07142857142857
32,0,0,0,0,0,0,NA,0,0,NA,17,0,15,5,1,"CO13300",5
2038,350,3490,1004,578,399,740,50,320,810,1644,1996,1411,239,187,43,"CO13430",956.1875
448,195,526,0,23,3,0,NA,17,11,NA,19,26,12,5,1,"CO13433",91.8571428571429
0,0,0,0,0,0,0,NA,0,NA,NA,14,0,15,15,14,"CO13440",4.46153846153846
1111,1750,51,37,319,987,275,39,241,198,45,182,4,82,88,16,"CO13442",339.0625
240,850,15,26,0,56,100,NA,193,27,2,159,26,444,1042,70,"CO13458",216.666666666667
37,47,40,0,0,5,0,NA,5,22,NA,129,6,51,55,21,"CO13468",29.8571428571429
819,1372,90,547,244,356,119,NA,80,107,41,306,20,157,155,53,"CO13473",297.733333333333
NA,NA,NA,NA,NA,NA,NA,NA,NA,NA,NA,31,0,78,190,28,"CO13490",65.4
90,0,0,0,32,0,0,NA,0,NA,13,286,21,60,136,39,"CO13549",48.3571428571429
0,0,20,0,0,45,39,NA,19,16,NA,32,0,5,27,2,"CO13580",14.6428571428571
0,434,85,115,112,43,0,NA,84,22,15,67,133,60,54,12,"CO13600",82.4
0,0,0,0,0,10,0,NA,7,0,NA,13,0,4,8,0,"CO13620",3
0,0,108,0,482,3,0,NA,4,0,NA,16,0,0,3,0,"CO13647",44
0,0,0,0,0,0,0,NA,0,0,NA,18,0,15,1,10,"CO13650",3.14285714285714
5020,475,383,0,139,160,44,8,23,0,NA,109,2,76,40,1,"CO13654",432
0,0,0,0,0,8,63,NA,0,3,NA,134,13,76,14,5,"CO13655",22.5714285714286
1561,785,189,1422,1,250,210,2648,206,12,21,59,24,47,22,7,"CO13657",466.5
201,50,0,0,0,19,31,NA,2,NA,NA,129,30,115,47,25,"CO13667",49.9230769230769
2448,1490,2765,1010,422,540,544,NA,773,1572,1846,1040,904,584,503,97,"CO13670",1102.53333333333
0,0,0,0,0,10,0,NA,0,0,NA,9,0,0,10,1,"CO13673",2.14285714285714
0,3072,1772,0,181,77,236,NA,155,151,163,234,10,345,457,76,"CO13683",461.933333333333
431,0,420,793,54,91,121,1000,698,1256,651,478,336,640,456,140,"CO13688",472.8125
987,162,88,94,13,26,5,NA,74,126,78,344,91,141,218,22,"CO13744",164.6
0,0,0,0,0,0,21,NA,0,0,NA,6,0,0,0,7,"CO13760",2.42857142857143
0,0,0,0,0,5,0,NA,0,NA,NA,19,0,7,13,0,"CO13780",3.38461538461538
2162,50,80,0,0,66,376,NA,17,40,16,200,18,427,458,58,"CO13810",264.533333333333
310,1136,1043,130,65,226,173,NA,57,96,81,37,38,63,26,14,"CO13836",233
0,0,0,0,0,7,0,NA,2,3,NA,3,0,18,13,4,"CO13838",3.57142857142857
0,130,333,87,9,124,10,NA,19,NA,6,63,1,11,18,4,"CO13873",58.2142857142857
710,230,495,47,81,42,8,NA,0,112,297,127,3,31,11,9,"CO13894",146.866666666667
655,920,893,500,194,370,418,530,532,98,105,236,94,3,3,14,"CO15001",347.8125
0,0,0,0,0,0,0,NA,0,0,NA,4,0,0,0,0,"CO15022",0.285714285714286
0,0,14,6,167,30,27,NA,6,1,4,18,6,25,13,7,"CO15047",21.6
0,0,0,0,6,27,0,12,4,13,NA,0,2,0,0,0,"CO15051",4.26666666666667
0,0,0,0,0,0,15,NA,11,NA,3,0,8,4,1,3,"CO15087",3.21428571428571
0,0,35,0,0,5,0,13,3,0,8,0,9,5,0,0,"CO15090",4.875
0,0,0,0,0,4,0,NA,3,0,NA,0,0,0,0,0,"CO15092",0.5
0,0,0,0,0,0,0,9,0,0,NA,4,0,0,0,0,"CO15097",0.866666666666667
0,0,0,0,0,0,0,10,0,11,6,18,0,3,15,0,"CO15104",3.9375
0,0,0,0,0,0,0,NA,0,6,NA,3,0,0,0,7,"CO15106",1.14285714285714
0,0,20,11,1,6,0,12,2,12,5,0,2,0,0,0,"CO15109",4.4375
0,0,0,0,0,0,0,NA,0,0,NA,0,0,0,0,0,"CO15114",0
0,0,0,0,0,0,0,NA,0,0,NA,0,0,5,0,0,"CO15131",0.357142857142857
0,0,20,82,0,0,0,NA,9,0,NA,8,0,5,1,0,"CO15135",8.92857142857143
0,0,0,0,0,0,0,NA,0,0,NA,0,0,0,1,0,"CO15162",0.0714285714285714
0,0,0,35,7,0,12,NA,13,0,NA,0,0,0,0,0,"CO15172",4.78571428571429
0,49,25,128,6,67,68,153,218,98,50,22,63,7,5,4,"CO15176",60.1875
0,0,0,0,0,0,0,NA,0,0,NA,0,0,11,5,5,"CO15180",1.5
0,0,0,0,11,7,19,28,11,13,12,25,4,29,20,0,"CO15183",11.1875
0,0,0,0,8,0,0,NA,13,4,12,28,0,5,4,1,"CO15185",5
0,0,0,0,0,0,0,NA,0,0,NA,0,0,0,0,0,"CO15187",0
0,0,0,82,0,192,0,NA,0,0,NA,6,8,0,0,0,"CO15189",20.5714285714286
0,0,0,0,0,0,0,NA,17,0,4,6,0,0,0,0,"CO15204",1.8
0,0,0,0,0,12,0,NA,10,20,NA,5,0,1,3,0,"CO15212",3.64285714285714
0,0,0,0,0,0,0,NA,0,0,NA,0,0,0,0,0,"CO15215",0
0,0,0,0,0,0,0,NA,0,0,NA,0,2,3,0,0,"CO15218",0.357142857142857
265,0,0,0,6,44,61,56,124,89,12,25,8,51,28,11,"CO15223",48.75
0,0,0,0,0,0,0,NA,0,0,NA,5,0,0,5,2,"CO15224",0.857142857142857
0,0,0,0,76,0,0,NA,0,0,NA,0,0,0,0,0,"CO15226",5.42857142857143
0,0,0,0,0,0,0,NA,0,0,NA,0,0,0,0,0,"CO15232",0
0,0,0,0,0,27,7,17,0,1,NA,8,0,1,10,0,"CO15236",4.73333333333333
135,0,435,340,214,670,118,71,181,115,114,18,85,4,3,1,"CO15238",156.5
20,0,0,0,0,0,0,NA,0,0,NA,13,0,4,1,0,"CO15244",2.71428571428571
50,0,0,0,0,0,0,NA,0,0,NA,0,0,0,0,0,"CO15248",3.57142857142857
0,0,0,0,0,21,0,NA,0,0,12,0,0,0,0,0,"CO15272",2.2
0,0,0,3,9,6,0,NA,0,0,NA,0,0,0,0,0,"CO15276",1.28571428571429
0,0,0,26,0,0,0,NA,0,0,NA,0,0,0,0,0,"CO15293",1.85714285714286
0,0,0,0,0,0,0,11,0,5,NA,5,0,0,0,0,"CO15296",1.4
45,0,90,0,24,22,49,49,25,13,19,8,30,6,0,0,"CO15299",23.75
0,0,0,0,0,0,0,NA,5,0,NA,3,0,4,0,0,"CO15317",0.857142857142857
0,0,15,13,19,5,2,27,4,22,31,10,9,1,3,0,"CO15322",10.0625
0,0,0,28,0,3,0,NA,6,5,10,6,8,0,5,0,"CO15325",4.73333333333333
90,0,0,0,0,0,0,53,0,0,NA,1,0,3,4,0,"CO15332",10.0666666666667
0,0,0,0,8,0,0,NA,0,0,NA,0,0,0,6,0,"CO15362",1
0,0,0,0,0,0,18,NA,0,0,NA,0,0,0,0,0,"CO15367",1.28571428571429
0,0,0,0,0,0,0,NA,0,0,NA,18,0,8,0,0,"CO15368",1.85714285714286
46,0,0,0,0,22,31,6,17,NA,NA,14,10,20,29,10,"CO15377",14.6428571428571
0,0,0,0,0,0,0,NA,0,0,NA,0,3,0,0,0,"CO15380",0.214285714285714
0,0,0,0,0,3,0,NA,0,2,NA,1,0,0,0,0,"CO15401",0.428571428571429
15,570,330,0,0,3,0,NA,0,1,NA,17,0,0,0,0,"CO15403",66.8571428571429
0,0,27,0,0,0,0,24,2,6,16,0,11,0,0,0,"CO15407",5.375
0,0,14,13,6,0,23,NA,1,NA,2,1,11,4,0,0,"CO15425",5.35714285714286
0,0,0,0,0,0,0,NA,11,NA,NA,44,1,19,6,2,"CO15442",6.38461538461539
0,0,20,15,6,12,47,27,36,24,26,19,0,17,2,0,"CO15455",15.6875
0,0,15,0,0,71,18,NA,0,2,NA,16,0,11,5,0,"CO15464",9.85714285714286
0,0,0,0,0,0,0,NA,9,0,NA,0,0,0,0,0,"CO15466",0.642857142857143
0,0,28,54,8,30,18,6,3,57,22,16,8,0,0,0,"CO15469",15.625
0,0,0,0,6,8,0,NA,0,0,NA,0,0,0,0,0,"CO15476",1
0,0,10,15,8,35,15,42,25,6,NA,22,7,27,13,7,"CO15480",15.4666666666667
0,0,0,0,5,30,27,NA,37,12,13,0,20,0,0,0,"CO15491",9.6
0,0,0,0,0,0,9,NA,10,0,NA,4,0,0,0,0,"CO15494",1.64285714285714
0,0,0,0,0,0,0,NA,0,0,NA,0,0,0,0,0,"CO15500",0
0,78,16,108,0,23,38,77,0,40,12,53,4,13,74,16,"CO15507",34.5
0,0,0,0,3,3,0,NA,0,0,NA,0,0,0,0,0,"CO15511",0.428571428571429
0,0,18,22,8,0,56,NA,5,NA,NA,4,2,11,0,0,"CO15514",9.69230769230769
0,0,84,36,26,76,73,50,33,38,53,1,18,3,0,0,"CO15516",30.6875
25,0,367,16,110,30,0,NA,4,0,NA,14,0,32,14,6,"CO15518",44.1428571428571
22,0,0,0,0,0,0,NA,0,0,NA,0,0,0,0,0,"CO15522",1.57142857142857
0,0,27,0,0,0,12,13,5,6,NA,25,3,0,11,6,"CO15531",7.2
34,0,0,0,0,48,0,NA,0,12,8,6,0,11,10,9,"CO15533",9.2
0,0,0,0,17,0,0,NA,0,0,NA,0,0,0,0,0,"CO15537",1.21428571428571
0,0,0,6,0,67,0,NA,0,6,3,1,1,1,12,0,"CO15542",6.46666666666667
33,0,0,0,0,0,0,NA,0,0,NA,4,0,1,7,8,"CO15550",3.78571428571429
69,0,36,184,99,112,84,144,62,138,95,177,82,112,177,81,"CO15572",103.25
0,0,24,0,0,22,0,NA,0,0,NA,9,0,7,9,0,"CO15580",5.07142857142857
0,0,16,25,30,14,0,NA,0,0,NA,1,0,4,0,0,"CO15599",6.42857142857143
0,0,0,0,1,0,0,NA,8,0,NA,0,0,0,0,0,"CO15600",0.642857142857143
0,52,0,0,0,0,0,NA,0,5,3,3,9,0,0,0,"CO15621",4.8
0,0,0,0,0,0,0,7,0,0,NA,10,0,3,0,0,"CO15632",1.33333333333333
0,0,16,0,0,0,0,NA,0,0,NA,0,0,0,4,0,"CO15638",1.42857142857143
0,0,0,15,0,11,17,22,15,20,16,8,30,3,5,0,"CO15646",10.125
0,0,0,0,6,0,40,NA,0,0,NA,8,0,0,1,0,"CO15660",3.92857142857143
0,0,0,0,0,0,0,NA,6,9,18,10,4,6,0,0,"CO15664",3.53333333333333
30,0,25,21,26,42,0,14,20,29,17,23,0,8,8,0,"CO15667",16.4375
0,0,0,11,0,0,42,NA,0,0,NA,5,0,0,1,0,"CO15673",4.21428571428571
0,0,0,6,0,0,21,NA,0,0,NA,0,0,4,0,0,"CO15676",2.21428571428571
0,0,35,2,0,0,0,NA,1,6,2,32,0,2,19,0,"CO15681",6.6
0,0,0,0,0,5,9,9,19,4,NA,12,0,3,0,0,"CO15686",4.06666666666667
0,0,13,32,0,5,0,NA,8,12,NA,4,0,4,2,0,"CO15690",5.71428571428571
0,0,0,25,15,14,10,NA,0,15,NA,0,0,1,0,0,"CO15693",5.71428571428571
0,0,0,0,0,0,0,NA,0,0,NA,0,0,5,0,0,"CO15696",0.357142857142857
0,0,0,0,0,0,0,48,3,0,NA,0,0,0,9,0,"CO15720",4
0,0,0,0,0,0,0,NA,0,0,NA,0,0,0,0,0,"CO15723",0
0,0,0,0,0,0,0,NA,0,0,NA,0,0,0,0,0,"CO15740",0
0,0,0,9,0,0,15,NA,8,0,5,0,4,0,0,0,"CO15753",2.73333333333333
56,0,0,20,0,5,0,NA,7,3,NA,3,0,11,10,12,"CO15755",9.07142857142857
0,0,0,0,0,24,16,8,0,8,10,12,0,10,8,4,"CO15757",6.25
649,680,443,445,132,583,383,128,160,115,121,17,52,6,21,3,"CO15759",246.125
0,0,25,0,0,7,0,NA,0,7,1,9,0,0,1,0,"CO15761",3.33333333333333
0,0,0,0,1,0,0,NA,0,0,NA,0,0,0,0,0,"CO15762",0.0714285714285714
0,0,0,0,0,0,5,NA,15,0,NA,0,4,0,0,0,"CO15763",1.71428571428571
0,0,0,0,0,0,0,NA,0,7,NA,0,0,0,0,0,"CO15764",0.5
0,0,0,0,0,0,0,NA,0,0,NA,3,0,0,0,0,"CO15774",0.214285714285714
0,0,0,0,0,0,0,NA,4,4,NA,0,0,0,0,0,"CO15776",0.571428571428571
0,0,15,0,4,3,0,41,0,0,NA,0,0,2,0,0,"CO15778",4.33333333333333
0,0,0,0,13,0,19,NA,3,20,NA,8,0,0,6,0,"CO15790",4.92857142857143
0,0,0,0,0,0,0,NA,0,0,3,0,0,0,3,0,"CO15798",0.4
0,34,0,0,0,0,0,NA,0,0,NA,3,0,0,3,0,"CO15804",2.85714285714286
0,0,0,19,26,32,21,NA,5,5,NA,0,0,0,0,0,"CO15806",7.71428571428571
0,0,0,0,0,0,0,NA,6,0,NA,0,1,0,0,0,"CO15808",0.5
0,0,0,0,0,0,0,NA,0,0,NA,0,0,0,0,0,"CO15810",0
0,36,49,0,0,0,0,NA,0,6,NA,3,4,0,4,0,"CO15814",7.28571428571429
0,0,10,20,0,0,0,NA,7,4,8,40,0,0,0,0,"CO15816",5.93333333333333
0,0,0,0,0,0,0,NA,0,0,NA,0,0,3,0,0,"CO15820",0.214285714285714
0,0,0,0,0,0,0,NA,0,0,NA,0,0,0,0,0,"CO15822",0
0,0,0,0,0,0,0,NA,0,0,NA,8,0,0,7,0,"CO15832",1.07142857142857
0,0,0,0,0,0,0,NA,1,0,NA,0,0,0,0,0,"CO15835",0.0714285714285714
0,0,0,3,0,0,0,NA,0,0,10,5,0,0,0,0,"CO15837",1.2
0,0,0,0,3,0,0,NA,0,2,NA,8,2,0,0,0,"CO15839",1.07142857142857
0,0,0,0,0,0,0,NA,0,0,NA,0,10,0,4,0,"CO15842",1
0,0,0,0,0,0,12,NA,11,NA,NA,8,0,0,0,0,"CO15861",2.38461538461538
0,0,11,13,0,0,0,NA,0,0,NA,0,0,0,0,0,"CO15879",1.71428571428571
0,0,0,0,7,0,35,11,0,23,19,1,0,0,2,0,"CO15897",6.125
1074,892,968,3073,987,895,1339,389,1141,1295,1021,185,308,91,146,18,"CO17001",863.875
15,46,0,37,38,127,54,18,82,41,9,61,2,44,18,4,"CO17013",37.25
0,0,276,81,19,54,55,80,200,163,95,119,26,71,86,15,"CO17042",83.75
0,0,0,55,11,5,10,34,7,16,6,26,7,4,3,7,"CO17050",11.9375
0,0,13,0,6,18,0,NA,9,18,16,44,17,0,23,12,"CO17088",11.7333333333333
0,0,32,21,82,48,50,86,163,114,82,114,19,53,59,15,"CO17174",58.625
0,48,0,0,2,0,0,NA,7,24,6,19,11,12,5,10,"CO17272",9.6
250,297,197,1440,106,104,50,18,140,149,69,238,106,105,103,52,"CO17380",214
0,0,0,10,3,5,0,NA,0,5,2,18,20,14,6,3,"CO17388",5.73333333333333
0,38,95,74,6,26,34,7,41,18,9,66,6,34,17,0,"CO17433",29.4375
25,0,0,0,0,7,0,NA,0,5,NA,12,15,20,25,2,"CO17442",7.92857142857143
0,0,15,3000,24,161,14,9,40,45,21,75,6,44,34,15,"CO17444",218.9375
0,30,0,28,6,7,8,67,4,3,NA,12,0,0,10,0,"CO17446",11.6666666666667
0,100,0,25,21,17,0,7,35,23,NA,44,0,8,24,11,"CO17486",21
50,0,0,360,0,8,5,22,23,2,16,41,37,32,15,0,"CO17495",38.1875
0,0,0,12,8,0,37,NA,13,5,11,21,4,22,15,0,"CO17513",9.86666666666667
0,60,0,0,34,18,40,NA,29,39,30,25,1,18,47,2,"CO17524",22.8666666666667
45,39,11,1284,77,652,42,84,218,91,32,156,12,117,120,29,"CO17541",188.0625
76,42,337,390,117,124,48,9,37,107,39,107,38,157,151,41,"CO17614",113.75
0,0,15,25,7,6,14,13,47,24,NA,41,44,11,41,4,"CO17616",19.4666666666667
90,65,0,20,9,2,33,13,4,NA,NA,67,3,16,21,9,"CO17653",25.1428571428571
55,223,219,2923,4453,3626,7027,4076,792,134,43,402,41,128,100,21,"CO17662",1516.4375
0,0,0,0,55,5,0,8,10,8,NA,12,1,25,5,1,"CO17665",8.66666666666667
103,17,12,88,0,24,5,NA,11,22,50,47,17,53,22,33,"CO17777",33.6
0,0,0,59,5,0,0,NA,9,5,21,35,2,8,25,6,"CO17867",11.6666666666667
0,0,0,98,59,77,75,13,48,104,67,35,24,21,4,7,"CO17873",39.5
0,0,0,31,12,17,18,NA,9,5,23,22,6,15,9,10,"CO17877",11.8
3340,1550,2575,9968,13046,11268,7026,3817,5812,6278,5021,1345,4780,1221,1252,448,"CO18001",4921.6875
0,0,26,13,65,40,117,35,117,136,46,231,37,115,163,27,"CO18029",73
0,0,483,239,203,94,355,224,265,320,243,400,147,263,263,97,"CO18094",224.75
123,0,0,35,0,3565,314,324,245,135,86,1607,1064,1599,1567,396,"CO18150",691.25
80,120,0,524,201,329,110,138,163,203,74,568,106,500,449,126,"CO18205",230.6875
215,583,183,333,16,89,112,97,55,224,241,719,535,578,497,149,"CO18247",289.125
167,438,224,212,53,501,204,288,269,467,366,1050,803,425,464,103,"CO18256",377.125
47,150,147,315,271,734,123,195,276,286,201,1689,368,873,887,350,"CO18410",432
0,0,0,77,18,1893,70,79,92,171,52,881,78,710,989,248,"CO18460",334.875
28,108,68,13,7,183,49,165,80,120,116,111,168,107,105,25,"CO18479",90.8125
276,519,311,74,0,236,333,508,425,318,315,1738,461,1711,1242,354,"CO18592",551.3125
168,0,18,59,21,187,112,115,234,145,111,733,140,680,618,124,"CO18610",216.5625
40,0,51,149,6,1735,333,494,315,692,362,2231,408,2058,2273,730,"CO18753",742.3125
0,0,18,0,0,267,104,104,50,183,98,958,102,801,611,219,"CO18756",219.6875
0,0,173,48,5,26,103,114,86,176,168,557,309,448,399,109,"CO18785",170.0625
0,150,55,61,205,124,75,229,121,219,111,434,211,236,272,51,"CO18860",159.625
3120,1550,10835,8194,1690,2900,5480,1560,6273,8666,7712,2376,8214,422,311,107,"CO19001",4338.125
0,60,0,24,0,5,10,NA,10,7,2,230,2,400,473,135,"CO19022",90.5333333333333
70,0,0,0,84,8,0,NA,2005,36,290,1748,1280,2511,1694,516,"CO19050",682.8
0,0,10,17,5,50,42,55,223,147,108,692,88,737,615,152,"CO19075",183.8125
70,40,69,41,221,25,42,19,66,71,26,882,57,1529,1391,404,"CO19100",309.5625
135,622,4630,4,6,32,51,57,19,45,32,253,45,157,565,94,"CO19110",421.6875
60,1020,1425,10,4,73,20,14,75,88,59,614,56,603,517,123,"CO19130",297.5625
737,45,70,0,0,12,15,NA,34,26,30,159,480,441,151,76,"CO19137",151.733333333333
136,310,1015,207,10,0,432,1500,32,288,75,2037,1658,1319,279,96,"CO19142",587.125
0,0,15,36,18,91,97,14,36,163,92,471,115,642,410,137,"CO19212",146.0625
150,35,1205,53,38,330,94,67,106,367,233,2244,1014,1865,1595,803,"CO19256",637.4375
40,0,0,3,3,44,57,NA,40,85,21,67,48,95,141,53,"CO19290",46.4666666666667
NA,NA,NA,NA,NA,NA,NA,NA,NA,NA,NA,17,0,14,39,12,"CO19300",16.4
0,0,12,1440,41,85,0,NA,1135,114,264,636,956,3491,3166,1320,"CO19318",844
0,0,0,0,6,13,0,47,32,29,43,167,34,152,242,70,"CO19355",52.1875
191,0,0,0,0,19,1200,NA,0,0,22,300,40,233,90,31,"CO19364",141.733333333333
220,0,0,3,204,0,0,NA,22,15,9,97,0,147,242,60,"CO19392",67.9333333333333
0,30,0,13,4,16,24,12,53,9,10,396,35,738,764,398,"CO19397",156.375
0,0,561,0,726,21,0,NA,233,1144,587,1214,106,1061,2061,199,"CO19418",527.533333333333
0,42,432,169,118,195,171,52,455,271,132,940,260,428,317,129,"CO19450",256.9375
95,0,330,28,20,0,0,NA,36,267,86,110,385,1611,640,38,"CO19455",243.066666666667
0,0,60,38,2,26,40,NA,64,129,202,175,440,2269,719,448,"CO19473",307.466666666667
0,0,0,0,0,0,0,NA,11,8,NA,17,0,17,19,4,"CO19513",5.42857142857143
0,0,0,5,12,55,109,1640,47,418,51,193,115,363,235,57,"CO19517",206.25
50,0,402,355,212,119,103,335,168,227,237,697,202,669,602,230,"CO19532",288
0,0,0,0,0,106,12,748,72,273,161,425,72,506,340,128,"CO19533",177.6875
138,31,348,169,36,107,115,43,130,193,185,120,151,184,114,54,"CO19548",132.375
120,0,11,61,0,12,0,NA,16,87,58,175,77,146,145,41,"CO19573",63.2666666666667
0,0,0,0,7,2,0,NA,0,1,NA,79,9,52,58,13,"CO19585",15.7857142857143
0,0,40,15,1,45,137,NA,156,135,78,209,52,183,139,51,"CO19622",82.7333333333333
0,0,0,0,0,129,7,NA,13,NA,NA,97,9,200,209,113,"CO19693",59.7692307692308
576,1115,5247,96,49,116,559,58,243,455,927,237,393,600,531,195,"CO19698",712.3125
0,0,15,0,250,167,28,NA,23,6,7,153,0,198,269,76,"CO19701",79.4666666666667
160,0,30,183,4,5,8130,NA,5,0,NA,164,4,265,209,66,"CO19743",658.928571428571
0,40,0,0,0,0,19,46,23,NA,8,30,3,159,141,31,"CO19760",33.3333333333333
60,831,4450,0,7,71,30,11,15,37,83,119,758,6231,4594,114,"CO19780",1088.1875
0,0,0,0,0,0,15,NA,0,92,16,167,95,251,179,66,"CO19785",58.7333333333333
40,77,90,124,100,63,103,75,229,235,340,213,267,323,268,87,"CO19807",164.625
0,0,70,152,0,0,5,NA,42,1450,318,678,1920,1910,2005,222,"CO19809",584.8
70,0,20,1501,255,304,4487,47,0,687,165,450,50,1430,464,363,"CO19821",643.3125
0,0,0,0,12,9,0,NA,11,7,5,39,0,104,75,17,"CO19824",18.6
0,0,0,0,5,24,9,NA,48,66,67,18,59,95,27,7,"CO19845",28.3333333333333
4632,1520,4624,11391,6635,4549,7282,4037,4295,6297,3012,3745,488,383,492,75,"CO20001",3966.0625
986,343,650,1436,672,459,535,235,346,353,373,481,395,158,287,63,"CO20011",485.75
544,293,2902,5191,440,1379,419,343,479,184,74,217,27,167,183,50,"CO20013",805.75
0,657,232,0,0,43,17,13,21,14,3,100,6,92,78,10,"CO20032",80.375
50,477,504,792,198,83,165,30,75,53,87,13,39,27,35,9,"CO20045",164.8125
180,441,686,1036,241,511,503,366,173,177,114,74,27,44,40,14,"CO20060",289.1875
0,0,245,0,4,43,20,NA,13,13,42,141,9,174,150,10,"CO20175",57.6
68,151,1364,116,163,54,90,30,20,227,42,78,38,42,58,55,"CO20178",162.25
768,246,425,774,560,237,461,123,130,81,94,809,31,110,95,53,"CO20228",312.3125
235,334,493,864,1367,392,91,34,5,NA,NA,114,8,41,52,6,"CO20238",288.285714285714
0,0,291,0,0,61,44,NA,52,NA,19,62,11,52,116,15,"CO20250",51.6428571428571
92,326,102,7,16,25,54,62,18,33,NA,41,41,32,7,10,"CO20295",57.7333333333333
0,0,25,0,0,0,16,NA,29,14,17,5,7,27,14,9,"CO20310",10.8666666666667
54,150,207,342,9,78,36,NA,5,98,22,75,11,37,34,4,"CO20383",77.4666666666667
447,164,66,40,79,394,195,13,29,68,61,65,34,101,50,10,"CO20400",113.5
0,0,115,972,315,386,178,51,272,69,12,19,43,42,6,3,"CO20443",155.1875
170,0,75,1296,195,753,75,97,95,90,82,107,24,80,47,30,"CO20517",201
0,352,0,1190,157,819,80,29,68,778,105,98,38,60,35,17,"CO20550",239.125
0,0,143,594,1253,531,0,36,79,76,34,27,16,41,20,10,"CO20570",178.75
185,0,60,165,0,10,47,NA,118,33,60,70,10,33,23,4,"CO20614",54.5333333333333
110,14,236,1126,16,106,61,148,230,379,169,61,938,140,95,55,"CO20621",242.75
625,550,140,15,0,25,13,NA,24,72,43,178,45,103,76,17,"CO20710",128.4
236,187,4279,1927,121,126,336,24,56,107,61,45,22,247,52,9,"CO20750",489.6875
100,0,0,20,20,43,136,95,79,74,59,94,29,92,53,37,"CO20770",58.1875
0,0,44,250,32,12,15,52,31,43,NA,80,0,62,46,45,"CO20787",47.4666666666667
5289,3546,2086,6833,910,1177,1253,2263,1726,2363,1905,1118,1921,818,641,158,"CO23001",2125.4375
100,0,0,176,0,57,35,94,105,82,65,294,52,515,316,142,"CO23068",127.0625
80,0,0,89,45,75,49,91,64,61,80,600,31,188,125,26,"CO23079",100.25
0,0,0,0,0,8,23,109,0,74,16,47,17,138,102,20,"CO23090",34.625
115,20,185,833,27,19,37,156,222,91,56,53,112,72,60,5,"CO23162",128.9375
60,0,0,0,0,0,0,NA,0,NA,10,8,0,8,8,0,"CO23168",6.71428571428571
0,0,348,62,0,5,26,86,60,72,44,62,45,28,36,5,"CO23182",54.9375
0,0,23,0,0,35,16,70,46,54,13,53,46,34,43,10,"CO23189",27.6875
0,0,15,89,0,12,42,14,5,21,39,9,56,6,13,1,"CO23300",20.125
870,0,0,1022,0,76,150,154,162,111,120,652,407,116,85,13,"CO23350",246.125
515,0,60,0,0,98,82,53,48,76,38,383,36,207,182,30,"CO23417",113
200,0,184,691,2,24,14,58,33,63,42,67,49,63,54,19,"CO23419",97.6875
0,0,0,4,0,0,21,58,18,41,40,17,22,9,8,1,"CO23464",14.9375
2935,161,1225,2100,191,353,402,495,447,1568,615,2281,2104,1162,838,82,"CO23466",1059.9375
68,0,0,135,0,21,0,84,97,87,73,239,30,140,128,26,"CO23500",70.5
130,0,185,178,106,8,132,451,270,186,176,837,592,487,264,52,"CO23555",253.375
0,0,0,94,15,0,88,112,146,65,50,193,109,98,129,54,"CO23570",72.0625
95,0,20,449,0,0,13,76,66,66,49,120,8,121,159,29,"CO23574",79.4375
3454,1727,505,320,172,82,861,1030,1001,4344,3390,1905,1972,1098,1732,250,"CO23580",1490.1875
0,0,20,54,26,7,0,NA,0,0,5,16,3,17,16,1,"CO23586",11
350,0,15,516,0,99,85,63,64,182,166,74,113,58,72,11,"CO23660",116.75
0,0,28,62,46,89,30,204,183,88,37,36,56,64,41,11,"CO23670",60.9375
0,0,0,20,0,0,20,17,0,4,NA,65,0,145,42,8,"CO23672",21.4
143,0,0,84,0,10,23,72,8,90,74,335,35,212,149,30,"CO23675",79.0625
0,0,0,0,0,6,14,73,19,68,22,39,4,30,53,17,"CO23678",21.5625
NA,NA,NA,NA,NA,NA,NA,NA,NA,NA,52,145,0,172,154,35,"CO23682",93
0,0,0,35,5,35,31,79,0,413,328,76,217,124,71,37,"CO23686",90.6875
2670,3259,2015,3364,1047,366,149,320,758,2058,868,2024,2467,2328,2819,309,"CO23807",1676.3125
NA,NA,NA,NA,NA,NA,NA,NA,NA,NA,NA,16,0,24,9,6,"CO23815",11
3185,30,185,3383,90,549,567,496,838,551,263,317,57,300,423,104,"CO23855",708.625
0,0,59,39,7,0,45,29,27,18,NA,13,0,2,4,0,"CO25001",16.2
0,0,0,50,15,13,34,17,34,NA,7,14,0,2,7,4,"CO25019",13.1333333333333
0,0,41,60,9,21,45,66,37,82,50,9,10,13,18,1,"CO25035",28.875
0,0,0,18,2,24,47,56,22,20,NA,0,16,1,10,0,"CO25040",14.4
115,0,0,0,0,0,45,83,23,30,37,78,4,15,14,7,"CO25053",28.1875
0,0,30,5,0,31,19,7,12,0,NA,5,0,3,14,0,"CO25086",8.4
0,0,0,0,0,15,0,NA,0,24,NA,9,2,0,0,0,"CO25095",3.57142857142857
0,0,10,8,8,24,0,NA,10,7,NA,4,6,6,0,0,"CO25099",5.92857142857143
102,0,0,0,0,43,17,77,25,49,76,84,13,34,26,14,"CO25120",35
0,0,20,43,36,0,15,NA,13,16,9,19,4,3,0,0,"CO25123",11.8666666666667
0,0,18,68,33,20,77,47,27,53,50,5,13,0,6,0,"CO25126",26.0625
0,485,314,56,24,5,28,74,42,31,9,85,22,39,12,8,"CO25148",77.125
112,135,0,0,2,8,49,40,11,16,NA,14,0,8,0,0,"CO25151",26.3333333333333
0,0,0,0,0,0,19,NA,5,NA,NA,4,0,0,0,0,"CO25154",2.15384615384615
50,0,0,1,7,0,8,11,3,14,NA,10,0,16,13,5,"CO25168",9.2
0,0,67,98,69,214,200,227,299,267,180,14,73,0,1,0,"CO25175",106.8125
0,0,28,1,2,13,7,NA,0,10,NA,4,3,5,3,0,"CO25178",5.42857142857143
30,0,0,0,0,8,14,NA,0,36,NA,8,12,0,0,0,"CO25181",7.71428571428571
0,0,13,9,17,37,42,17,26,10,8,4,15,0,1,0,"CO25183",12.4375
0,0,0,15,6,7,43,63,8,9,16,0,12,0,0,0,"CO25200",11.1875
0,0,26,18,14,16,47,66,40,38,20,0,25,3,0,0,"CO25214",19.5625
0,0,0,0,0,0,12,NA,10,0,NA,0,0,0,0,5,"CO25224",1.92857142857143
0,0,28,36,16,39,34,58,24,40,23,53,27,22,17,0,"CO25245",26.0625
0,0,0,0,6,15,5,NA,0,1,NA,35,0,6,6,0,"CO25258",5.28571428571429
0,0,0,14,17,7,10,59,36,81,62,0,24,0,0,0,"CO25260",19.375
115,0,265,530,265,290,357,203,443,315,215,19,115,15,17,4,"CO25269",198
56,75,35,19,0,11,5,NA,6,11,4,10,3,8,14,0,"CO25279",17.1333333333333
0,0,0,0,0,0,0,NA,0,0,NA,0,0,4,0,0,"CO25281",0.285714285714286
60,0,98,147,64,48,169,173,127,160,158,18,80,10,17,0,"CO25286",83.0625
0,0,14,0,0,0,0,NA,0,0,NA,0,0,0,2,0,"CO25288",1.14285714285714
170,0,486,277,338,297,507,389,714,797,1332,905,708,41,52,6,"CO25290",438.6875
43,60,0,0,10,10,6,24,1,0,NA,8,0,4,1,1,"CO25293",11.2
0,0,0,19,20,8,10,50,27,20,28,0,20,7,0,0,"CO25295",13.0625
0,0,0,0,6,8,0,NA,0,14,5,31,7,8,3,2,"CO25297",5.6
0,0,0,0,0,5,0,NA,0,0,NA,0,0,4,4,0,"CO25299",0.928571428571429
367,0,189,442,72,51,120,121,264,84,83,50,56,37,19,12,"CO25307",122.9375
0,0,0,20,5,22,84,28,19,12,13,0,0,1,0,0,"CO25312",12.75
0,0,0,0,0,0,7,20,14,21,17,3,54,0,0,0,"CO25317",8.5
20,0,156,122,19,30,42,107,169,71,26,45,10,9,26,7,"CO25320",53.6875
0,0,0,0,11,17,46,75,36,39,37,0,10,0,0,6,"CO25322",17.3125
0,0,0,0,0,0,6,NA,0,1,2,4,0,0,0,5,"CO25324",1.2
0,0,0,0,0,0,0,NA,0,NA,NA,0,0,0,0,0,"CO25326",0
0,0,0,0,0,0,12,77,4,8,NA,22,1,0,0,0,"CO25328",8.26666666666667
0,153,40,27,0,8,0,NA,0,10,10,9,18,6,0,0,"CO25335",18.7333333333333
0,0,90,59,0,0,15,6,0,2,14,19,26,16,8,5,"CO25339",16.25
0,0,0,0,0,0,0,NA,0,0,NA,30,0,7,3,2,"CO25368",3
0,0,0,0,0,0,13,NA,0,0,NA,16,0,15,0,0,"CO25372",3.14285714285714
49,0,0,21,13,0,35,NA,23,NA,13,10,3,3,9,0,"CO25377",12.7857142857143
105,0,23,66,24,22,82,83,64,154,74,14,37,15,7,7,"CO25386",48.5625
183,1680,1048,2979,121,100,5,48,4,12,6,72,2,32,28,29,"CO25394",396.8125
0,86,0,0,3,1,5,NA,1,10,NA,36,0,3,10,4,"CO25398",11.3571428571429
0,0,59,54,19,5,48,56,32,22,26,18,11,7,0,0,"CO25402",22.3125
0,0,0,0,0,0,0,NA,0,0,7,0,2,4,3,0,"CO25407",1.06666666666667
0,48,0,0,0,0,7,19,0,0,NA,0,0,0,0,0,"CO25426",4.93333333333333
125,0,189,127,96,54,118,82,99,129,130,17,82,0,5,0,"CO25430",78.3125
0,20,0,7,4,1,5,NA,0,1,1,0,0,0,0,0,"CO25436",2.6
0,0,0,56,77,13,127,79,37,58,27,124,83,22,19,9,"CO25438",45.6875
30,0,221,167,139,85,137,152,200,118,65,17,40,17,0,6,"CO25473",87.125
0,0,0,0,0,0,0,NA,0,0,NA,0,0,4,3,0,"CO25483",0.5
0,0,0,37,0,16,33,8,19,32,12,13,4,6,0,0,"CO25486",11.25
0,0,0,0,0,0,14,NA,30,20,34,9,26,5,8,0,"CO25488",9.73333333333333
0,0,0,27,6,6,10,NA,11,0,NA,4,0,0,0,0,"CO25489",4.57142857142857
0,0,0,52,0,23,19,24,32,2,5,6,0,6,2,0,"CO25491",10.6875
40,0,0,0,9,0,13,23,6,18,32,96,9,36,43,10,"CO25506",20.9375
0,245,17,42,87,30,75,35,30,26,41,70,34,24,8,4,"CO25513",48
0,0,0,0,2,0,16,79,0,6,3,59,0,0,0,1,"CO25518",10.375
0,0,11,17,14,0,16,34,15,5,11,40,10,18,27,0,"CO25524",13.625
0,0,0,0,0,14,46,59,49,79,19,40,24,38,8,0,"CO25530",23.5
51,0,0,0,0,18,36,52,0,5,16,36,0,13,22,14,"CO25535",16.4375
0,123,104,79,29,9,52,83,39,46,36,63,6,10,11,0,"CO25572",43.125
0,0,0,0,0,10,31,11,5,11,NA,28,3,14,0,2,"CO25580",7.66666666666667
0,528,149,4,0,0,13,NA,0,0,NA,10,2,0,0,0,"CO25592",50.4285714285714
0,0,0,0,3,0,0,NA,39,NA,NA,0,6,0,4,0,"CO25594",4
0,70,0,8,5,10,18,NA,9,NA,NA,61,11,16,13,0,"CO25596",17
20,0,0,0,0,0,0,NA,20,30,13,31,13,0,0,0,"CO25599",8.46666666666667
0,0,17,4,0,0,0,62,14,6,16,3,1,4,0,0,"CO25612",7.9375
0,0,0,4,256,12,28,38,6,12,9,6,0,0,11,0,"CO25645",23.875
10,0,0,16,0,0,13,NA,15,16,14,58,1,10,13,9,"CO25649",11.6666666666667
0,0,0,0,0,0,0,NA,3,0,NA,5,0,8,0,0,"CO25653",1.14285714285714
0,0,40,103,37,477,70,78,39,19,21,14,8,0,0,0,"CO25658",56.625
0,0,30,3,9,40,22,9,4,37,5,39,17,15,19,6,"CO25662",15.9375
0,0,32,104,109,8,44,118,192,19,NA,4,0,0,0,3,"CO25718",42.2
0,0,0,14,4,0,9,5,0,10,6,12,7,0,0,0,"CO25736",4.1875
0,0,13,47,11,0,49,5,33,106,108,9,39,10,19,0,"CO25740",28.0625
0,0,0,35,384,77,64,64,55,105,111,80,32,38,0,4,"CO25743",65.5625
0,0,10,0,0,0,0,NA,9,4,NA,0,8,0,0,0,"CO25745",2.21428571428571
2083,845,1030,2861,1286,4166,3325,3916,4009,4671,4467,2132,2391,334,210,127,"CO25754",2365.8125
0,0,0,52,13,0,33,NA,2,1,NA,0,0,6,0,0,"CO25758",7.64285714285714
0,0,0,0,10,0,0,NA,5,NA,9,6,3,0,4,0,"CO25769",2.64285714285714
0,0,0,0,0,14,27,11,2,8,7,3,9,0,0,0,"CO25772",5.0625
0,0,0,0,0,24,14,NA,0,4,NA,1,4,0,0,0,"CO25777",3.35714285714286
0,0,0,0,0,0,0,NA,0,0,NA,0,0,0,3,0,"CO25779",0.214285714285714
0,0,0,2,0,0,0,NA,11,16,NA,0,9,0,0,0,"CO25781",2.71428571428571
0,0,32,3,18,15,54,9,18,17,20,0,11,0,0,0,"CO25785",12.3125
0,0,0,0,0,0,0,NA,0,0,NA,4,0,0,0,0,"CO25793",0.285714285714286
0,0,12,6,12,11,21,NA,15,15,6,8,4,0,0,0,"CO25797",7.33333333333333
0,0,11,77,33,27,48,89,13,29,30,1,17,5,0,0,"CO25799",23.75
0,0,0,0,3,6,7,NA,14,0,2,22,11,17,5,0,"CO25805",5.8
0,0,0,0,0,0,0,19,7,0,NA,0,0,0,3,0,"CO25807",1.93333333333333
0,0,0,0,8,5,5,15,18,12,13,19,20,7,2,0,"CO25815",7.75
0,0,15,25,12,45,39,59,38,77,38,23,44,0,3,0,"CO25817",26.125
0,200,0,0,0,0,0,81,6,21,NA,49,8,12,6,4,"CO25823",25.8
74,0,0,0,0,0,23,NA,0,NA,2,12,11,20,22,3,"CO25839",11.9285714285714
0,0,0,0,5,7,10,NA,4,4,NA,5,0,0,0,0,"CO25841",2.5
0,0,0,25,0,0,26,57,5,33,21,5,32,0,6,4,"CO25843",13.375
0,0,0,33,0,0,7,15,25,0,9,9,3,3,3,4,"CO25845",6.9375
0,65,62,212,6,0,17,51,9,15,NA,4,0,1,10,0,"CO25851",30.1333333333333
0,0,0,30,6,20,78,59,32,39,13,36,13,9,0,7,"CO25862",21.375
0,0,0,0,0,0,0,NA,6,8,7,12,0,4,6,0,"CO25867",2.86666666666667
0,0,0,8,11,0,0,NA,0,NA,NA,0,0,0,1,4,"CO25871",1.84615384615385
0,0,0,0,335,0,0,NA,5,0,NA,10,0,0,7,0,"CO25873",25.5
0,0,62,46,26,19,25,30,23,NA,15,26,9,25,4,0,"CO25875",20.6666666666667
125,0,0,13,8856,45,47,20,97,67,62,91,22,31,51,27,"CO25878",597.125
158,540,265,31,0,19,15,116,149,11,4,158,0,31,47,19,"CO25885",97.6875
0,0,15,0,0,0,0,16,2,NA,14,0,2,0,0,0,"CO25898",3.26666666666667
0,0,84,97,128,85,156,82,178,96,48,8,29,6,9,0,"CO25899",62.875
2490,7054,5390,12201,2419,1494,3115,1572,1916,2055,3456,981,3344,1813,2341,553,"CO27001",3262.125
460,0,350,0,0,5,5,25,0,4,29,72,463,317,84,54,"CO27006",116.75
0,0,0,0,91,140,0,13,0,514,1264,323,1,275,511,2920,"CO27025",378.25
210,0,20,8,0,0,0,NA,0,9,NA,40,2,424,88,76,"CO27050",62.6428571428571
78,0,25,0,0,31,0,13,4,10,NA,147,17,4938,544,47,"CO27073",390.266666666667
4500,560,135,25,0,0,0,NA,3,273,9,75,16,140,48,17,"CO27075",386.733333333333
0,0,0,0,0,13,980,465,11,351,1321,1784,1357,2651,1221,262,"CO27077",651
0,0,0,0,0,38,0,11,0,0,NA,6,0,40,0,0,"CO27086",6.33333333333333
154,41,0,0,399,245,3300,122,0,NA,62,132,0,98,556,31,"CO27099",342.666666666667
162,0,0,0,0,0,0,NA,11,1,NA,50,15,29,40,18,"CO27135",23.2857142857143
0,0,0,360,0,17,11,25,2096,NA,22,25,4,136,73,15,"CO27150",185.6
0,0,0,0,0,0,0,NA,0,4,NA,9,3,6,15,12,"CO27160",3.5
0,0,30,404,401,458,216,31,537,27,114,172,19,114,125,48,"CO27205",168.5
730,70,293,88,5,513,5,62,47,20,10,56,50,383,265,36,"CO27245",164.5625
0,0,0,0,0,0,0,9,290,112,80,830,7,971,2148,274,"CO27250",295.0625
0,600,266,45,0,1040,76,998,617,1611,162,809,160,464,658,293,"CO27361",487.4375
207,60,0,0,0,0,13,NA,0,NA,5,5,3,21,23,4,"CO27372",24.3571428571429
0,0,34,981,829,1,0,56,8,12,NA,123,120,405,270,163,"CO27413",200.133333333333
0,0,0,0,0,432,192,11,0,45,NA,160,276,745,135,65,"CO27425",137.4
0,0,0,0,0,0,0,87,15,210,243,631,199,963,444,132,"CO27430",182.75
0,0,0,0,0,520,23,NA,78,65,34,141,13,610,225,50,"CO27450",117.266666666667
0,0,25,0,0,0,36,35,106,28,15,79,0,145,241,39,"CO27491",46.8125
0,227,48,20,0,0,0,12,0,0,NA,127,19,98,273,62,"CO27495",59.0666666666667
0,0,0,0,0,0,0,NA,0,58,125,12,101,22,70,27,"CO27580",27.6666666666667
0,0,0,418,0,0,0,NA,0,0,NA,41,15,44,79,36,"CO27600",45.2142857142857
480,92,435,382,548,28,35,813,17,17,NA,221,160,438,1612,248,"CO27615",368.4
0,0,0,64,30,226,1276,74,59,54,41,206,37,229,232,52,"CO27660",161.25
0,0,0,0,0,0,0,341,969,0,NA,50,0,45,738,26,"CO27745",144.6
96,47,30,90,450,70,0,6,5,21,25,278,15,1061,390,46,"CO27787",164.375
312,72,255,0,0,19,5,878,12,41,371,149,172,237,156,29,"CO27800",169.25
0,0,0,0,0,0,0,5,28,65,5,27,10,20,16,3,"CO27810",11.1875
2173,5340,1938,5927,1709,2939,3263,3025,4536,5165,3683,949,2449,716,662,199,"CO41001",2792.0625
40,497,105,82,61,88,113,173,285,307,193,449,139,340,415,145,"CO41006",214.5
0,0,0,0,0,0,0,49,37,42,34,22,22,7,11,9,"CO41013",14.5625
0,0,161,180,31,48,74,116,61,133,105,291,78,164,122,14,"CO41016",98.625
271,0,58,54,7,151,31,62,57,44,21,719,27,740,535,173,"CO41020",184.375
0,0,12,8,14,38,12,7,15,32,9,16,0,3,7,2,"CO41026",10.9375
28,0,203,145,422,61,44,104,79,58,320,173,143,177,187,26,"CO41078",135.625
126,159,144,213,93,195,141,209,219,415,310,281,275,144,168,50,"CO41132",196.375
0,0,190,146,528,7,6,5,244,389,260,246,108,263,222,40,"CO41206",165.875
0,0,0,13,0,0,18,53,0,44,NA,25,2,16,4,10,"CO41244",12.3333333333333
185,637,558,418,199,243,385,972,739,1239,622,553,435,415,479,103,"CO41298",511.375
55,202,0,25,35,217,94,167,76,264,130,265,148,251,210,65,"CO41306",137.75
0,0,130,163,55,79,51,254,123,236,95,187,114,147,198,88,"CO41319",120
0,204,143,37,14,59,29,57,55,53,13,92,82,34,46,6,"CO41349",57.75
50,0,0,39,29,21,22,68,11,19,36,164,74,154,117,37,"CO41357",52.5625
0,0,277,35,10,25,41,151,112,113,87,400,196,246,314,163,"CO41359",135.625
0,0,50,56,25,43,86,116,88,177,117,123,80,107,135,69,"CO41378",79.5
233,163,539,250,98,122,158,195,222,259,276,328,144,323,487,128,"CO41396",245.3125
0,0,0,0,2,42,35,17,62,11,NA,45,4,47,92,11,"CO41483",24.5333333333333
0,110,10,27,17,95,44,84,78,122,51,98,71,109,70,17,"CO41503",62.6875
0,0,0,27,4,5,15,30,27,30,12,17,38,15,16,0,"CO41518",14.75
40,0,179,86,66,27,57,82,57,90,88,131,68,117,109,23,"CO41524",76.25
0,442,0,63,52,65,104,99,111,78,54,70,47,42,67,21,"CO41530",82.1875
0,0,0,43,9,30,84,80,15,76,28,57,18,46,47,29,"CO41548",35.125
451,1300,469,962,336,464,742,1506,1022,1308,1515,791,1277,409,490,225,"CO41551",829.1875
78,0,145,65,15,66,108,98,162,178,141,106,53,96,73,15,"CO41615",87.4375
30,0,0,24,5,26,81,113,112,152,60,115,53,98,175,48,"CO41660",68.25
30,420,108,146,34,94,68,130,223,213,183,500,183,356,343,136,"CO41668",197.9375
0,0,0,0,8,1,66,142,102,95,58,102,36,117,164,33,"CO41676",57.75
0,0,58,60,8,43,115,167,162,363,275,136,185,99,142,66,"CO41770",117.4375
0,0,15,0,13,32,31,47,44,57,24,144,93,161,459,155,"CO41791",79.6875
0,0,30,70,11,13,46,61,44,46,58,22,26,32,85,18,"CO41797",35.125
0,91,0,34,2,38,0,26,42,54,48,177,17,245,242,46,"CO41799",66.375
0,0,25,95,0,0,7,6,0,32,11,65,55,71,49,19,"CO41801",27.1875
0,0,20,0,3,61,64,244,191,114,95,168,53,60,86,37,"CO41807",74.75
0,0,19,30,15,14,35,167,35,25,18,47,36,46,28,15,"CO41872",33.125
0,0,15,24,0,22,0,19,49,34,31,17,18,0,12,0,"CO41885",15.0625
1050,1620,985,2767,1298,2723,2002,1618,2485,3744,2694,799,1574,547,788,75,"CO44001",1673.0625
0,0,0,0,0,0,233,65,63,75,42,151,39,90,32,4,"CO44035",49.625
0,0,37,28,696,119,100,110,126,76,53,53,41,109,95,18,"CO44078",103.8125
0,115,50,151,161,710,473,794,782,549,396,806,194,483,337,62,"CO44090",378.9375
0,210,72,0,0,0,26,590,181,14,16,8,11,12,0,4,"CO44098",71.5
0,0,26,52,14,21,31,NA,21,25,30,18,27,5,26,0,"CO44110",19.7333333333333
191,376,292,240,165,103,87,75,149,66,154,47,195,616,226,6,"CO44279",186.75
0,0,0,0,10,23,29,56,57,105,84,10,37,21,28,5,"CO44378",29.0625
0,0,0,0,0,19,31,53,57,5,NA,3,0,11,8,0,"CO44420",12.4666666666667
75,0,204,283,182,992,149,246,202,361,297,321,336,808,392,95,"CO44430",308.9375
0,0,0,0,11,0,0,173,90,13,NA,4,28,16,18,0,"CO44560",23.5333333333333
350,457,370,1429,1239,4511,153,848,152,237,323,30,249,93,52,9,"CO44650",656.375
0,0,0,0,0,791,0,108,0,7,8,5,12,22,4,1,"CO44847",59.875
150,160,27,121,43,32,26,270,315,64,28,30,32,33,55,2,"CO44855",86.75
115,170,181,113,327,62,0,23,20,14,148,16,3,10,32,7,"CO44874",77.5625
3790,10717,6973,31817,7105,7139,9416,1344,9622,26390,7450,790,871,1635,1350,217,"CO47001",7914.125
0,0,1186,0,495,47,59,NA,8,9,5,34,0,34,37,16,"CO47030",128.666666666667
265,100,326,71,247,480,211,NA,167,103,47,45,13,66,202,76,"CO47053",161.266666666667
481,134,14,15,4,8,0,NA,13,19,12,112,6,45,80,7,"CO47058",63.3333333333333
0,0,0,0,0,14,0,NA,0,NA,NA,23,0,14,1,0,"CO47161",4
132,132,0,14,0,40,0,NA,13,0,NA,88,0,25,21,3,"CO47170",33.4285714285714
868,1498,1037,5107,229,519,382,NA,279,276,133,799,121,317,276,119,"CO47189",797.333333333333
0,0,0,0,0,8,13,NA,0,0,NA,17,0,4,12,10,"CO47205",4.57142857142857
577,4288,2138,142,28,51,84,30,38,16,9,273,17,145,175,65,"CO47245",504.75
390,100,0,0,0,44,44,NA,0,0,NA,30,6,27,101,14,"CO47258",54
50,292,25,0,0,15,94,NA,0,35,43,58,0,26,152,90,"CO47268",58.6666666666667
1959,4244,2573,254,268,505,261,64,14,81,37,141,16,145,205,61,"CO47288",676.75
95,0,706,0,0,8,25,NA,3,0,NA,107,0,49,29,12,"CO47318",73.8571428571429
0,0,0,0,0,22,24,NA,0,3,NA,35,0,35,2,4,"CO47460",8.92857142857143
0,0,0,0,0,28,0,NA,0,0,NA,23,0,11,3,19,"CO47541",6
0,0,0,0,0,0,0,NA,0,NA,NA,18,0,11,21,0,"CO47545",3.84615384615385
265,3720,240,0,0,328,33,NA,0,NA,NA,80,1,25,58,65,"CO47551",370.384615384615
620,647,31,0,154,110,150,132,197,58,15,420,37,91,100,23,"CO47555",174.0625
0,750,35,49,49,0,23,NA,0,NA,NA,58,1,133,58,24,"CO47570",90.7692307692308
0,6295,691,0,0,14,0,NA,0,0,NA,8,0,9,6,0,"CO47605",501.642857142857
0,0,0,0,0,26,0,NA,504,0,NA,61,9,21,23,4,"CO47660",46.2857142857143
0,200,0,0,0,5,35,NA,0,0,NA,5,0,2,1,0,"CO47675",17.7142857142857
0,0,0,0,0,28,0,NA,15,12,NA,10,4,33,10,7,"CO47692",8.5
30,0,0,0,0,0,0,NA,0,0,NA,27,0,31,9,0,"CO47703",6.92857142857143
18,0,0,0,0,36,40,NA,14,24,NA,58,6,15,18,3,"CO47707",16.5714285714286
0,0,0,0,0,0,0,NA,15,26,NA,13,0,0,0,9,"CO47720",4.5
0,1645,221,38,0,41,73,133,4,39,NA,131,0,85,27,15,"CO47745",163.466666666667
78,242,0,0,3,15,0,NA,43,6,6,67,0,47,16,16,"CO47798",35.9333333333333
0,0,0,0,0,0,0,NA,0,0,NA,5,0,30,1,0,"CO47960",2.57142857142857
0,0,0,0,132,163,67,NA,264,159,64,231,9,226,175,88,"CO47980",105.2
6360,1080,3540,4650,3484,6451,8516,4162,7427,10841,4915,1271,2726,365,374,112,"CO50001",4142.125
0,52,182,461,137,287,398,332,700,498,517,186,404,126,106,24,"CO50006",275.625
0,0,20,0,7,0,26,54,48,113,75,14,16,58,11,1,"CO50110",27.6875
0,0,0,0,0,0,15,49,17,18,14,19,28,6,2,0,"CO50124",10.5
0,0,0,24,0,34,51,54,56,63,60,26,38,22,12,1,"CO50150",27.5625
54,0,0,53,89,282,92,NA,55,35,39,43,8,22,28,0,"CO50223",53.3333333333333
71,51,106,59,62,63,116,32,142,165,90,50,100,22,28,20,"CO50226",73.5625
0,0,0,0,0,7,0,43,0,9,NA,5,0,7,7,2,"CO50245",5.33333333333333
105,316,85,0,900,340,311,78,125,136,118,215,29,57,84,9,"CO50251",181.75
250,35,0,0,212,267,213,48,19,7,5,28,39,14,12,2,"CO50270",71.9375
0,355,449,0,31,0,116,45,113,115,52,62,37,70,36,4,"CO50287",92.8125
595,348,732,166,212,237,575,693,809,1259,1788,317,670,233,309,55,"CO50313",562.375
40,0,353,0,0,57,61,NA,12,49,39,72,9,20,25,5,"CO50318",49.4666666666667
0,0,0,3769,712,250,247,NA,20,667,52,769,55,395,346,71,"CO50325",490.2
20,32,0,11,11,79,130,48,39,121,38,345,47,268,186,51,"CO50330",89.125
0,0,0,20,54,270,170,85,238,113,51,423,36,342,351,88,"CO50350",140.0625
22,0,0,11,1524,15,50,NA,0,31,10,384,20,322,359,85,"CO50370",188.866666666667
0,40,0,0,125,402,134,76,181,224,128,256,35,181,300,60,"CO50400",133.875
0,0,124,115,82,171,272,117,109,193,123,281,21,422,175,45,"CO50450",140.625
60,0,17,9,0,48,80,535,235,110,75,283,87,285,191,51,"CO50568",129.125
60,89,32,92,122,558,120,58,70,384,314,169,130,168,131,76,"CO50573",160.8125
495,419,588,24,49,69,92,401,146,40,33,343,27,127,173,25,"CO50577",190.6875
358,300,346,16,78,316,1576,200,415,186,123,826,136,433,357,64,"CO50590",358.125
0,0,21,63,49,74,0,53,89,39,27,23,75,23,11,2,"CO50606",34.3125
0,0,0,0,0,0,60,47,40,25,92,37,19,35,43,22,"CO50680",26.25
420,320,255,37,275,512,496,546,229,161,231,309,100,96,115,40,"CO50683",258.875
0,0,0,102,0,14,31,NA,2,0,NA,14,4,10,27,0,"CO50686",14.5714285714286
156,0,98,81,70,142,350,63,317,240,186,175,106,132,65,23,"CO50689",137.75
30,0,0,131,189,600,1725,1275,514,528,426,1470,323,619,437,155,"CO50711",526.375
2369,2750,8129,7601,2697,3393,5666,5995,5098,5082,4987,2456,3368,440,328,89,"CO52001",3778
0,0,25,0,43,30,35,NA,13,36,15,87,36,67,127,51,"CO52019",37.6666666666667
0,0,0,10,8,0,0,NA,0,12,4,0,8,3,6,0,"CO52022",3.4
45,0,0,0,21,32,15,54,28,44,24,16,50,38,9,10,"CO52036",24.125
0,0,13,0,26,11,21,7,55,51,68,14,26,29,22,19,"CO52051",22.625
185,0,150,326,788,719,1683,646,721,2708,584,2313,859,1302,860,372,"CO52079",888.5
0,0,10,0,0,0,0,NA,4,6,NA,45,16,60,82,29,"CO52083",18
0,51,30,50,36,55,159,11,66,68,97,142,99,139,80,28,"CO52110",69.4375
0,0,0,0,0,8,0,NA,15,5,NA,102,21,192,214,85,"CO52203",45.8571428571429
0,0,61,132,103,42,20,6,49,188,124,28,86,53,31,17,"CO52207",58.75
0,0,39,55,5,7,0,NA,0,1,NA,3,0,11,1,4,"CO52210",9
10,52,386,450,105,64,73,28,74,830,280,41,108,41,32,27,"CO52215",162.5625
0,0,0,0,0,41,0,NA,0,2,NA,16,6,13,15,1,"CO52224",6.71428571428571
0,0,0,29,60,219,17,49,321,174,94,23,32,59,76,13,"CO52227",72.875
50,0,12,15,80,137,62,194,1044,279,58,789,500,522,374,218,"CO52233",270.875
0,60,27,55,54,8,71,7,67,83,80,23,37,20,36,18,"CO52240",40.375
67,0,0,0,0,855,1270,49,12746,93,4714,2007,601,778,682,159,"CO52250",1501.3125
0,0,29,0,0,0,0,NA,29,159,31,81,75,67,49,34,"CO52254",36.9333333333333
47,0,12,13,107,0,29,NA,74,92,111,729,1462,446,458,105,"CO52256",245.666666666667
0,79,10,0,476,17,20,NA,8,37,29,127,100,320,191,71,"CO52258",99
0,0,0,0,9,72,19,17,77,115,34,94,83,100,78,42,"CO52260",46.25
0,20,0,0,0,8,0,NA,4,20,6,32,19,4,17,2,"CO52287",8.8
0,0,0,0,0,5,30,NA,2,7,NA,36,3,28,32,6,"CO52317",10.6428571428571
0,0,13,0,9,0,0,13,0,17,6,16,20,40,30,3,"CO52320",10.4375
0,0,0,0,0,0,0,NA,0,3,NA,8,0,0,0,0,"CO52323",0.785714285714286
0,0,0,0,21,0,21,NA,59,41,19,12,15,10,3,1,"CO52352",13.4666666666667
0,0,19,8,2,0,0,NA,0,25,9,4,12,3,14,2,"CO52354",6.53333333333333
465,770,663,266,98,577,621,124,545,1260,631,200,327,534,350,116,"CO52356",471.6875
0,0,178,26,15,7,20,NA,15,31,29,153,57,233,153,75,"CO52378",66.1333333333333
0,0,0,45,15,75,64,NA,141,122,99,93,16,70,79,23,"CO52381",56.1333333333333
0,0,109,0,22,98,86,42,176,294,93,114,185,78,167,30,"CO52385",93.375
56,0,0,0,0,0,0,538,779,15,NA,146,49,243,326,88,"CO52390",149.333333333333
0,0,14,79,74,54,56,46,164,223,143,91,376,154,219,81,"CO52399",110.875
200,0,0,4,559,49,29,56,145,110,120,522,137,654,793,58,"CO52405",214.75
0,0,188,63,121,109,162,16,219,179,84,160,91,466,450,197,"CO52411",156.5625
0,0,154,420,219,360,310,2111,200,133,105,221,143,274,184,82,"CO52418",307.25
0,0,0,0,467,50,0,413,68,NA,1376,506,500,505,705,96,"CO52427",312.4
116,0,14,12,0,32,52,NA,65,162,54,80,34,156,104,20,"CO52435",60.0666666666667
0,0,28,139,90,0,5,NA,23,334,365,269,81,428,391,147,"CO52473",153.333333333333
0,0,0,0,12,0,15,NA,24,25,8,43,11,6,24,4,"CO52480",11.4666666666667
50,0,0,0,16,8,13,153,475,1370,1179,2132,269,1361,1104,279,"CO52490",525.5625
0,0,10,0,0,0,0,NA,0,0,NA,4,2,5,6,0,"CO52506",1.92857142857143
0,0,0,0,0,93,5,NA,102,90,26,291,20,586,389,659,"CO52520",150.733333333333
30,538,147,47,25,404,238,5398,364,1374,232,1356,626,1915,814,318,"CO52540",864.125
0,0,161,98,21,42,5,NA,94,12,8,23,24,5,36,0,"CO52560",35.2666666666667
0,0,27,26,62,33,38,NA,23,NA,6,32,26,99,75,34,"CO52565",34.3571428571429
23,49,34,74,1,18,44,53,79,61,96,31,15,25,6,11,"CO52573",38.75
46,0,19,0,4,6,0,NA,14,42,21,4,17,9,21,3,"CO52585",13.7333333333333
85,170,182,716,125,163,1375,2202,220,347,131,237,1049,1818,175,49,"CO52612",565.25
0,0,0,0,0,21,0,17,1102,203,123,2097,13,2005,646,109,"CO52621",396
65,0,1402,903,618,318,350,59,923,1589,263,719,493,1169,987,268,"CO52678",632.875
0,0,30,33,5,117,185,80,151,215,260,98,155,229,155,57,"CO52683",110.625
0,35,15,0,0,0,14,11,17,19,16,39,49,30,31,13,"CO52685",18.0625
0,0,124,280,116,124,179,60,52,83,66,106,69,108,62,20,"CO52687",90.5625
158,0,184,12,7,27,37,10,58,33,39,49,20,139,177,57,"CO52693",62.9375
0,0,0,0,0,0,49,NA,0,14,10,17,12,18,20,2,"CO52694",9.46666666666667
0,0,4250,0,0,40,101,NA,1068,128,927,731,259,803,392,75,"CO52696",584.933333333333
0,0,0,0,135,8,35,NA,41,205,64,184,17,401,437,93,"CO52699",108
0,0,0,0,0,0,0,NA,0,0,NA,3,0,4,0,2,"CO52720",0.642857142857143
0,0,1212,725,109,393,518,107,681,614,510,241,523,156,195,73,"CO52786",378.5625
0,0,15,118,10,0,9,NA,17,18,8,8,19,54,54,9,"CO52788",22.6
405,1658,1032,1144,1318,1645,1994,974,4178,5114,7258,13548,15296,12377,13657,5546,"CO52835",5446.5
0,0,19,77,63,17,66,58,47,39,31,50,57,122,58,17,"CO52838",45.0625
0,0,0,6,13,12,0,NA,32,26,17,14,15,11,20,7,"CO52885",11.5333333333333
11000,2573,2310,14327,6827,5936,10319,4364,5120,4466,3556,891,1441,992,1929,303,"CO54001",4772.125
480,0,10,35,18,59,158,78,168,89,39,220,27,201,225,81,"CO54003",118
0,0,60,0,24,20,0,77,8,1,11,28,3,21,23,0,"CO54051",17.25
0,0,0,4,7,0,10,60,23,16,NA,0,40,1,6,0,"CO54099",11.1333333333333
0,0,0,0,0,0,0,145,12,NA,NA,18,0,33,29,7,"CO54109",17.4285714285714
0,0,0,0,0,0,0,NA,0,NA,NA,0,0,7,0,0,"CO54125",0.538461538461538
85,0,0,71,14,0,39,37,0,9,NA,58,11,42,33,16,"CO54128",27.6666666666667
0,0,0,50,4,15,21,38,46,29,27,16,9,6,4,4,"CO54172",16.8125
0,0,60,0,0,5,0,NA,0,0,3,8,17,35,17,4,"CO54174",9.93333333333333
0,0,0,12413,1445,240,484,73,89,84,50,120,18,184,288,55,"CO54206",971.4375
0,0,0,0,0,8,181,93,20,15,NA,14,12,21,11,5,"CO54223",25.3333333333333
0,0,0,0,0,0,0,17,22,3,5,8,6,5,9,7,"CO54239",5.125
750,60,220,0,11,71,361,19,49,63,34,74,18,130,143,54,"CO54245",128.5625
1576,1047,750,3519,1347,1365,180,112,50,258,49,260,24,1813,602,164,"CO54250",819.75
1080,370,214,111,13,44,259,221,230,203,178,61,147,141,150,26,"CO54261",215.5
0,0,0,0,0,0,0,81,7,15,2,0,0,11,5,0,"CO54313",7.5625
186,0,0,300,180,513,45,42,30,81,15,140,22,286,544,174,"CO54344",159.875
0,0,170,0,139,7,0,NA,135,3,NA,8,0,1,2,0,"CO54347",33.2142857142857
45,0,145,0,0,7,0,NA,5,13,NA,0,16,8,12,7,"CO54377",18.4285714285714
260,0,0,5,0,0,57,55,107,96,20,124,20,56,93,25,"CO54385",57.375
0,0,0,0,5,10,0,NA,5,5,17,125,9,81,55,57,"CO54398",24.6
0,0,50,180,74,43,92,120,120,202,129,41,189,76,58,0,"CO54405",85.875
0,0,0,0,183,0,0,33,8,10,NA,16,19,2,10,0,"CO54418",18.7333333333333
0,0,0,0,0,0,0,NA,0,0,NA,0,0,0,3,0,"CO54480",0.214285714285714
930,388,53,3680,817,1404,678,586,316,1118,586,352,336,236,328,93,"CO54498",743.8125
80,0,223,67,12,24,84,70,16,49,24,16,45,11,14,0,"CO54518",45.9375
0,0,0,10,0,8,0,12,0,0,NA,10,6,0,0,0,"CO54520",3.06666666666667
345,0,0,2,9,120,28,11,7,44,21,30,29,79,101,14,"CO54553",52.5
0,0,0,20,0,0,26,NA,26,12,5,13,1,6,0,0,"CO54599",7.26666666666667
0,0,0,0,0,64,20,35,18,7,6,16,3,10,13,8,"CO54660",12.5
0,1800,490,0,172,594,56,77,88,912,1424,175,628,274,212,377,"CO54670",454.9375
0,0,0,0,0,14,24,NA,16,13,6,19,4,1,1,6,"CO54673",6.93333333333333
250,0,0,0,110,0,0,NA,16,0,NA,6,6,12,10,0,"CO54680",29.2857142857143
2160,275,98,69,84,305,113,242,99,194,117,190,197,538,520,105,"CO54720",331.625
0,0,0,0,0,0,0,NA,0,0,NA,0,0,0,6,4,"CO54743",0.714285714285714
0,0,40,160,8,82,335,150,137,67,35,250,37,950,308,93,"CO54800",165.75
1495,650,1080,1137,656,1240,320,165,100,194,103,591,168,672,854,246,"CO54810",604.4375
0,0,160,0,0,15,47,21,67,34,26,58,6,42,100,4,"CO54820",36.25
0,0,0,0,0,0,0,NA,22,4,NA,3,7,0,4,0,"CO54871",2.85714285714286
170,150,102,159,74,450,156,190,304,404,320,141,199,216,171,42,"CO54874",203
50,251,738,2127,411,1084,1305,333,1011,1616,1278,297,628,111,153,55,"CO63001",715.5
0,0,20,96,3,50,70,NA,4,36,25,14,22,5,3,0,"CO63111",23.2
0,0,212,249,23,274,308,27,136,211,84,184,356,124,121,18,"CO63130",145.4375
0,42,32,189,27,123,124,13,123,115,83,35,80,34,49,36,"CO63190",69.0625
0,38,110,140,7,57,103,5,31,54,25,98,32,26,34,19,"CO63212",48.6875
0,0,0,0,27,51,100,13,31,36,23,50,27,11,5,2,"CO63272",23.5
13,35,138,82,0,104,124,7,109,98,82,155,45,88,69,25,"CO63302",73.375
0,21,107,360,55,225,301,118,461,401,279,84,164,25,44,10,"CO63401",165.9375
0,0,184,328,63,179,322,86,313,346,227,119,124,46,53,50,"CO63470",152.5
0,0,98,120,30,28,27,16,46,164,112,119,53,56,50,22,"CO63548",58.8125
12,85,204,206,45,115,328,28,238,177,73,76,95,28,39,6,"CO63594",109.6875
0,0,89,70,3,10,37,6,60,54,17,39,16,13,33,3,"CO63690",28.125
1738,1270,1310,3099,2440,2576,2616,2473,5421,6165,5247,383,1161,169,337,108,"CO66001",2282.0625
0,0,18,25,27,58,81,75,39,27,18,26,34,53,40,21,"CO66045",33.875
0,412,107,61,18,18,43,62,83,47,20,22,28,2,19,0,"CO66075",58.875
0,0,53,84,5,30,147,83,59,42,13,75,17,66,83,30,"CO66088",49.1875
95,460,379,988,242,382,667,763,733,697,585,134,236,48,92,27,"CO66170",408
0,0,18,20,6,34,92,138,238,118,78,18,65,56,37,4,"CO66318",57.625
0,0,24,35,10,21,89,81,78,48,19,21,15,6,10,15,"CO66383",29.5
82,1622,234,132,78,201,169,98,104,138,110,76,161,48,47,23,"CO66400",207.6875
0,0,35,101,15,25,65,53,47,73,17,35,29,16,30,7,"CO66440",34.25
15,138,39,18,105,51,154,80,87,51,25,124,49,194,159,58,"CO66456",84.1875
185,653,219,729,273,44,63,29,93,96,70,265,95,1142,129,91,"CO66572",261
0,160,72,0,10,685,210,153,156,145,57,116,15,101,82,69,"CO66594",126.9375
0,0,139,121,82,87,256,296,311,363,120,93,100,24,13,13,"CO66682",126.125
112,49,131,85,20,59,114,132,72,36,18,41,6,52,73,22,"CO66687",63.875
7707,2005,4760,4622,3578,5774,6977,3090,3956,3840,3397,887,1020,152,168,63,"CO68001",3249.75
0,0,0,0,0,0,23,NA,0,NA,NA,0,4,3,0,0,"CO68013",2.30769230769231
0,0,0,0,0,7,0,NA,0,0,NA,10,0,7,8,2,"CO68020",2.42857142857143
0,0,0,0,0,4,0,NA,0,0,NA,12,0,0,0,0,"CO68051",1.14285714285714
520,0,72,103,47,43,75,74,98,158,46,13,72,17,12,19,"CO68077",85.5625
0,0,0,0,0,0,0,NA,26,NA,NA,10,0,2,0,0,"CO68079",2.92307692307692
8820,5010,3025,1777,1017,3599,2454,315,4163,5349,4779,1535,848,396,584,181,"CO68081",2740.75
0,0,0,20,0,17,21,NA,0,2,NA,0,4,4,9,0,"CO68092",5.5
0,0,100,47,0,5,34,20,14,NA,NA,141,4,49,61,3,"CO68101",34.1428571428571
0,0,0,0,0,0,0,NA,3,NA,NA,0,2,0,0,0,"CO68121",0.384615384615385
0,0,0,0,0,0,0,NA,0,0,NA,0,0,0,0,0,"CO68132",0
60,0,23,38,0,5,38,NA,0,0,3,31,0,16,11,2,"CO68147",15.1333333333333
0,0,0,0,0,7,0,NA,20,NA,NA,0,0,3,1,0,"CO68152",2.38461538461538
0,0,0,0,0,5,0,NA,0,0,NA,0,0,0,0,0,"CO68160",0.357142857142857
172,0,0,0,13,0,13,17,0,0,NA,1,0,0,3,0,"CO68162",14.6
0,0,0,0,5,0,10,18,34,5,NA,19,0,10,0,0,"CO68167",6.73333333333333
0,0,0,0,0,0,15,13,0,0,NA,0,0,0,0,0,"CO68169",1.86666666666667
0,0,0,38,0,0,0,NA,51,13,7,10,0,1,5,5,"CO68176",8.66666666666667
0,0,0,0,0,1,0,13,0,0,NA,0,0,4,0,5,"CO68179",1.53333333333333
465,0,0,0,9,10,41,NA,6,40,11,295,28,129,165,36,"CO68190",82.3333333333333
80,0,0,0,238,0,64,NA,2,18,NA,6,0,6,6,0,"CO68207",30
0,0,0,17,0,0,0,NA,0,0,NA,0,0,0,0,0,"CO68209",1.21428571428571
0,0,35,38,0,17,7,19,16,7,NA,16,0,0,3,0,"CO68211",10.5333333333333
0,0,0,0,0,0,0,63,0,5,6,5,2,9,11,0,"CO68217",6.3125
0,0,0,0,0,3,6,36,0,0,NA,6,6,0,8,0,"CO68229",4.33333333333333
205,0,0,0,0,21,72,16,36,44,NA,67,8,31,23,11,"CO68235",35.6
0,0,0,0,0,0,13,NA,9,3,NA,5,0,4,3,0,"CO68245",2.64285714285714
0,0,0,0,0,0,0,NA,53,15,1,85,0,25,43,14,"CO68250",15.7333333333333
300,100,158,12,52,147,62,100,95,53,98,53,55,37,26,15,"CO68255",85.1875
0,0,0,0,0,0,0,NA,0,NA,NA,3,0,8,2,4,"CO68264",1.30769230769231
0,0,0,0,0,0,0,NA,0,NA,NA,5,6,1,4,0,"CO68266",1.23076923076923
0,0,0,0,0,0,24,NA,0,0,NA,40,6,11,14,1,"CO68271",6.85714285714286
1042,591,614,1006,569,489,723,526,1015,621,654,49,412,10,26,8,"CO68276",522.1875
0,0,0,0,0,0,0,NA,0,8,7,0,0,0,1,0,"CO68296",1.06666666666667
0,0,0,0,1,0,0,NA,3,2,NA,9,0,5,8,0,"CO68298",2
876,177,529,893,357,265,607,692,1070,1036,984,876,687,17,24,16,"CO68307",569.125
0,0,0,0,0,0,0,NA,0,0,NA,3,0,11,0,0,"CO68318",1
0,0,0,1,2,0,0,NA,5,0,5,4,0,0,0,0,"CO68320",1.13333333333333
0,0,0,0,0,0,0,NA,0,0,NA,0,0,4,0,2,"CO68322",0.428571428571429
0,0,0,0,0,0,0,NA,0,0,NA,0,0,3,3,0,"CO68324",0.428571428571429
0,0,0,0,1,13,0,NA,0,0,NA,9,0,0,0,0,"CO68327",1.64285714285714
0,0,80,250,0,6,23,NA,4,0,NA,5,3,6,0,0,"CO68344",26.9285714285714
0,0,0,0,0,0,5,15,0,0,NA,14,0,10,0,4,"CO68368",3.2
0,0,0,0,0,0,0,NA,6,0,NA,0,0,1,0,0,"CO68370",0.5
0,0,100,0,0,0,16,13,16,NA,NA,83,11,43,42,3,"CO68377",23.3571428571429
0,0,40,671,38,42,70,63,64,38,19,145,22,89,78,31,"CO68385",88.125
0,0,0,0,0,0,0,NA,0,0,NA,21,0,19,16,0,"CO68397",4
577,18,193,168,65,349,331,216,304,134,92,57,56,42,26,6,"CO68406",164.625
0,0,0,0,0,10,19,NA,26,0,NA,0,0,3,0,0,"CO68418",4.14285714285714
0,0,0,0,0,7,15,NA,0,0,NA,10,0,4,0,0,"CO68425",2.57142857142857
0,0,42,52,13,35,31,60,29,10,NA,13,3,4,21,4,"CO68432",21.1333333333333
0,0,55,26,30,6,34,31,19,5,NA,6,9,30,7,1,"CO68444",17.2666666666667
0,23,0,0,0,12,52,NA,11,8,5,25,0,2,0,0,"CO68464",9.2
0,0,40,0,0,0,0,NA,0,0,NA,4,0,10,5,0,"CO68468",4.21428571428571
0,0,0,0,0,0,0,NA,0,0,NA,9,0,0,0,0,"CO68498",0.642857142857143
0,70,0,0,0,15,43,13,0,1,8,34,4,0,4,1,"CO68500",12.0625
0,0,0,0,0,0,0,NA,11,0,7,35,0,3,0,0,"CO68502",3.73333333333333
0,0,0,0,0,0,0,NA,0,5,NA,0,0,0,0,0,"CO68522",0.357142857142857
0,0,0,16,7,0,0,NA,0,NA,3,0,3,0,3,0,"CO68524",2.28571428571429
0,0,0,0,0,0,0,NA,0,7,NA,0,0,0,0,0,"CO68533",0.5
651,0,165,568,218,252,518,866,671,516,858,88,230,65,32,11,"CO68547",356.8125
0,0,0,0,0,0,9,NA,0,NA,NA,0,0,0,0,0,"CO68549",0.692307692307692
0,0,0,0,7,0,0,NA,0,17,9,10,10,10,15,0,"CO68572",5.2
0,0,0,0,0,0,45,NA,65,28,18,41,1,21,13,10,"CO68573",16.1333333333333
631,80,54,44,37,26,202,NA,229,190,121,213,24,147,126,49,"CO68575",144.866666666667
0,0,36,49,65,59,84,124,87,44,32,175,12,76,41,3,"CO68615",55.4375
630,0,10,0,0,77,82,NA,103,138,149,175,113,79,46,26,"CO68655",108.533333333333
0,0,40,0,0,7,0,NA,0,8,NA,36,0,2,0,0,"CO68669",6.64285714285714
0,0,0,0,0,0,0,NA,0,6,NA,0,0,2,0,0,"CO68673",0.571428571428571
0,0,25,24,16,39,74,53,40,32,12,5,18,7,0,0,"CO68679",21.5625
0,0,0,0,0,0,0,NA,0,0,NA,6,0,0,0,0,"CO68682",0.428571428571429
0,0,0,0,0,7,0,NA,0,0,NA,0,0,7,0,0,"CO68684",1
0,0,0,0,0,200,0,NA,0,NA,NA,13,0,0,0,0,"CO68686",16.3846153846154
0,0,0,0,20,41,160,94,135,121,43,149,6,106,62,34,"CO68689",60.6875
0,0,0,0,5,0,0,NA,0,0,NA,6,0,3,0,0,"CO68705",1
0,0,0,0,0,0,0,NA,0,1,NA,37,1,38,6,0,"CO68720",5.92857142857143
0,0,0,28,11,28,31,56,31,11,6,43,9,16,40,8,"CO68745",19.875
0,0,25,16,34,31,52,44,55,85,39,3,25,5,22,0,"CO68755",27.25
0,0,0,0,0,13,49,67,17,NA,3,19,7,0,0,4,"CO68770",11.9333333333333
0,0,0,0,0,8,0,NA,13,2,NA,63,0,30,43,20,"CO68773",12.7857142857143
0,120,40,0,136,29,25,23,12,8,NA,13,0,0,0,0,"CO68780",27.0666666666667
0,0,0,0,8,0,0,NA,0,10,NA,3,0,4,4,1,"CO68820",2.14285714285714
0,0,0,0,0,0,24,NA,0,0,NA,4,1,0,0,0,"CO68855",2.07142857142857
0,70,166,78,18,0,23,26,130,39,20,47,9,39,27,1,"CO68861",43.3125
0,0,0,0,0,0,0,NA,0,0,NA,0,0,4,0,0,"CO68867",0.285714285714286
0,0,0,0,0,0,0,NA,1,0,NA,0,0,4,0,9,"CO68872",1
0,0,0,22,4,0,0,NA,0,5,NA,13,0,0,3,0,"CO68895",3.35714285714286
6000,1026,9700,10814,3850,5448,5341,2780,4534,2476,1317,1216,1392,214,150,104,"CO70001",3522.625
0,100,16,97,205,10,31,24,0,78,32,21,13,21,22,6,"CO70110",42.25
55,0,0,0,2,0,0,NA,0,11,16,0,36,10,27,6,"CO70124",10.8666666666667
353,1675,227,0,10,51,55,47,25,6,NA,27,2,12,30,2,"CO70204",168.133333333333
195,484,508,693,336,767,1185,570,526,1014,1256,44,121,41,25,5,"CO70215",485.625
0,0,0,0,0,0,31,NA,32,22,8,9,46,4,24,3,"CO70221",11.9333333333333
308,1370,599,0,0,17,0,NA,0,11,10,61,2,15,13,5,"CO70230",160.733333333333
0,0,0,0,0,17,0,NA,6,7,15,16,8,41,22,5,"CO70233",9.13333333333333
0,0,50,278,16,29,83,81,43,171,80,39,27,56,30,6,"CO70235",61.8125
636,100,38,515,410,96,192,97,262,19,27,72,94,148,182,25,"CO70265",182.0625
30,0,0,0,0,0,53,9,39,0,20,4,24,3,10,0,"CO70400",12
134,40,110,339,22,43,186,136,61,134,27,34,65,21,56,2,"CO70418",88.125
782,0,83,118,57,15,0,NA,18,16,71,138,2,132,124,52,"CO70429",107.2
0,311,84,178,42,116,111,66,23,101,27,16,12,24,10,4,"CO70473",70.3125
355,1007,1230,342,181,447,432,259,611,73,11,156,0,61,34,24,"CO70508",326.4375
0,0,0,12,0,0,48,35,14,NA,6,9,3,26,24,1,"CO70523",11.8666666666667
47,82,84,81,106,65,142,56,89,137,99,22,119,31,32,17,"CO70670",75.5625
0,0,10,27,0,180,149,142,107,175,81,169,235,72,52,5,"CO70678",87.75
0,23,0,59,0,0,0,NA,2,10,NA,6,18,12,5,0,"CO70702",9.64285714285714
62,0,150,15,0,61,46,104,3,64,51,186,46,162,157,45,"CO70708",72
90,520,310,88,376,254,403,405,368,134,49,137,45,162,77,88,"CO70713",219.125
29,0,32,170,116,93,65,29,75,49,48,27,26,37,18,18,"CO70717",52
60,0,93,567,7,59,22,33,31,12,3,44,15,19,14,2,"CO70742",61.3125
36,0,0,110,5,62,0,NA,20,24,12,212,13,100,136,14,"CO70771",49.6
148,52,10,36,5,71,41,59,29,11,8,22,0,8,12,30,"CO70820",33.875
0,362,30,167,70,186,131,71,171,312,53,118,21,91,37,3,"CO70823",113.9375
2550,6550,5000,11075,1345,5330,6765,1605,5206,6708,4637,2853,3395,1035,977,400,"CO73001",4089.4375
0,65,0,0,0,0,0,83,16,NA,17,101,16,45,30,15,"CO73024",25.8666666666667
0,0,0,0,4,38,22,NA,20,23,21,144,24,81,67,6,"CO73026",30
0,0,0,0,1,10,7,38,13,15,18,39,0,37,28,11,"CO73030",13.5625
0,0,0,0,5,5,28,NA,33,53,32,325,134,253,330,73,"CO73043",84.7333333333333
0,0,35,0,0,13,15,NA,8,25,NA,87,1,20,27,9,"CO73055",17.1428571428571
141,134,40,100,0,33,51,NA,70,47,38,447,30,571,632,253,"CO73067",172.466666666667
0,0,32,0,217,252,317,81,368,180,202,419,203,244,215,110,"CO73124",177.5
0,0,0,0,5,8,0,21,19,37,39,28,30,2,5,3,"CO73148",12.3125
0,0,0,0,5,45,0,NA,49,0,NA,106,0,78,58,9,"CO73152",25
410,1688,810,120,45,138,56,124,541,545,261,1071,334,892,698,316,"CO73168",503.0625
0,0,0,0,23,0,76,NA,24,18,1,21,1,29,27,12,"CO73200",15.4666666666667
174,0,96,405,112,47,0,59,19,12,3,477,1,512,738,272,"CO73217",182.9375
0,48,38,0,5,53,82,56,79,55,10,102,18,199,126,39,"CO73226",56.875
98,0,60,120,0,34,0,1430,9,23,26,145,18,126,152,52,"CO73236",143.3125
0,0,170,0,54,0,99,65,98,126,152,92,69,32,33,0,"CO73268",61.875
0,0,30,0,0,12,20,NA,6,16,19,54,9,30,32,10,"CO73270",15.8666666666667
0,0,11,0,10,10,13,21,34,24,28,10,19,17,17,0,"CO73275",13.375
46,0,10,0,20,61,70,64,66,47,44,243,72,75,73,46,"CO73283",58.5625
0,0,13,5,7,12,19,NA,34,33,39,71,39,56,65,17,"CO73319",27.3333333333333
0,0,0,0,0,0,0,NA,17,NA,NA,94,9,66,29,11,"CO73347",17.3846153846154
0,0,0,0,0,12,21,33,7,14,NA,71,0,36,34,1,"CO73349",15.2666666666667
133,0,150,0,0,45,70,25,48,42,34,220,30,150,151,28,"CO73352",70.375
0,0,0,0,6,26,10,149,96,170,67,78,27,73,35,22,"CO73408",47.4375
138,0,493,50,1308,162,263,85,453,717,810,749,290,225,327,92,"CO73411",385.125
0,0,49,0,0,5,33,39,99,86,76,124,34,51,74,20,"CO73443",43.125
0,0,18,0,25,45,58,44,86,82,87,19,91,35,6,0,"CO73449",37.25
0,0,0,0,0,0,0,NA,13,47,26,96,6,61,76,7,"CO73461",22.1333333333333
29,0,500,110,11,62,265,48,127,93,33,313,32,130,212,70,"CO73483",127.1875
67,0,134,0,113,106,23,54,47,40,91,429,25,417,360,104,"CO73504",125.625
0,0,0,0,0,14,5,47,40,25,24,105,36,39,60,13,"CO73520",25.5
0,0,0,0,0,0,0,NA,0,6,5,9,8,0,5,13,"CO73547",3.06666666666667
266,430,272,140,5,513,466,425,406,154,67,1303,76,916,944,365,"CO73555",421.75
125,0,78,25,5,3,25,NA,20,32,23,176,34,84,99,18,"CO73563",49.8
0,0,13,2,33,47,32,44,27,37,12,96,20,140,31,54,"CO73585",36.75
1193,3012,1307,188,10,260,105,NA,12,35,5,1053,7,761,621,267,"CO73616",589.066666666667
0,0,0,0,0,38,0,NA,0,9,1,197,7,124,137,30,"CO73622",36.2
0,0,36,13,15,61,25,NA,243,219,144,983,88,547,471,140,"CO73624",199
290,0,0,0,8,8,14,41,26,35,6,88,0,48,30,16,"CO73671",38.125
0,20,0,0,9,24,41,NA,56,46,37,480,59,313,317,123,"CO73675",101.666666666667
0,30,0,0,0,11,39,66,28,19,17,100,24,60,39,26,"CO73678",28.6875
62,0,0,0,0,25,30,NA,1,30,11,217,17,110,100,67,"CO73686",44.6666666666667
0,0,20,22,0,0,0,NA,0,3,5,3,0,0,11,0,"CO73770",4.26666666666667
0,0,195,40,0,12,30,NA,29,4,6,40,4,39,33,6,"CO73854",29.2
0,0,38,35,15,22,16,NA,70,60,38,160,11,142,120,16,"CO73861",49.5333333333333
0,0,0,0,0,33,43,NA,64,30,5,268,22,134,107,50,"CO73870",50.4
30,0,0,0,0,18,19,NA,8,36,21,134,13,101,107,34,"CO73873",34.7333333333333
9079,5750,5191,4609,4274,6570,25260,4324,8895,17806,9522,5847,7750,1325,2070,1177,"CO76001",7465.5625
0,0,16,0,0,19,38,32,64,73,10,47,45,39,69,11,"CO76020",28.9375
0,0,0,0,10,11,59,NA,0,6,NA,19,9,31,29,8,"CO76036",13
0,0,0,0,24,7,72,48,71,19,13,44,26,55,60,5,"CO76041",27.75
0,0,0,0,8,0,55,31,139,55,42,54,17,55,79,16,"CO76054",34.4375
146,0,0,0,0,6,56,12,21,16,25,193,13,116,244,135,"CO76100",61.4375
1829,8606,4023,818,5873,4632,3076,1766,7413,7820,8198,4631,5032,22052,32482,18902,"CO76109",8572.0625
2020,2500,415,22,33,122,150,40,558,455,275,175,194,198,159,74,"CO76111",461.875
500,250,0,4,43,54,87,85,64,70,71,109,59,123,116,15,"CO76113",103.125
0,240,0,10,0,93,11,28,183,138,104,93,64,80,115,32,"CO76122",74.4375
0,0,310,0,0,752,0,NA,51,84,65,91,45,81,103,26,"CO76126",107.2
110,0,0,1,10,125,98,32,189,319,313,65,212,44,193,45,"CO76130",109.75
0,188,0,56,81,857,535,89,197,214,156,93,179,93,202,31,"CO76147",185.6875
152,1006,452,405,147,43,101,23,484,415,420,270,120,222,270,65,"CO76233",287.1875
0,40,0,0,0,0,15,NA,7,NA,NA,40,1,46,70,16,"CO76243",18.0769230769231
0,0,0,0,0,26,58,31,29,48,17,62,15,20,33,15,"CO76246",22.125
120,0,75,0,41,15,53,38,60,87,111,112,168,73,76,20,"CO76248",65.5625
0,0,0,0,0,5,32,8,13,0,3,262,13,214,128,46,"CO76250",45.25
125,483,70,600,14,17,108,65,227,255,312,234,132,260,217,67,"CO76275",199.125
0,0,0,0,0,43,63,9,6,27,28,86,19,25,36,33,"CO76306",23.4375
0,0,0,5,18,4,52,37,57,34,7,28,57,36,84,14,"CO76318",27.0625
2570,4850,869,1597,91,95,283,184,459,449,994,310,343,479,465,68,"CO76364",881.625
0,600,30,0,8,17,20,NA,13,18,15,44,25,20,35,7,"CO76377",56.8
0,0,0,18,32,119,13,17,80,131,35,80,160,107,117,24,"CO76400",58.3125
0,0,0,0,10,4,18,31,22,8,8,32,39,44,44,2,"CO76403",16.375
0,0,0,0,0,21,76,NA,34,69,13,23,19,28,26,5,"CO76497",20.9333333333333
150,20,786,42,75,191,322,134,794,708,573,269,362,278,360,85,"CO76520",321.8125
733,60,80,11,313,80,121,52,248,283,325,167,783,872,387,88,"CO76563",287.6875
0,0,0,0,0,22,95,47,69,55,23,45,37,24,56,20,"CO76606",30.8125
0,0,0,0,0,23,87,42,98,94,62,124,168,216,138,22,"CO76616",67.125
0,0,0,4,0,35,142,NA,63,118,72,261,204,134,225,49,"CO76622",87.1333333333333
373,200,0,8,5,7,0,50,87,67,48,50,27,49,35,13,"CO76670",63.6875
594,300,0,0,32,45,89,29,58,85,37,172,95,147,127,66,"CO76736",117.25
0,0,0,11,20,8,38,44,39,60,10,40,20,50,92,18,"CO76823",28.125
67,0,0,0,4,37,36,182,58,75,71,132,45,209,342,37,"CO76828",80.9375
2384,1704,4470,9,128,834,516,529,1348,992,1140,637,613,631,714,139,"CO76834",1049.25
0,0,0,0,0,13,17,NA,1,2,4,5,18,4,26,23,"CO76845",7.53333333333333
0,0,0,0,10,0,12,NA,8,NA,NA,44,10,58,32,0,"CO76863",13.3846153846154
0,0,0,0,7,0,0,NA,27,0,4,10,8,0,23,0,"CO76869",5.26666666666667
0,0,0,5,0,0,5,NA,22,22,5,31,7,31,45,7,"CO76890",12
114,0,42,49,78,220,137,97,349,246,278,111,236,140,81,20,"CO76892",137.375
0,0,0,1,24,8,68,71,92,104,91,91,100,62,136,25,"CO76895",54.5625
1000,880,985,1396,653,1129,544,919,1898,1890,1239,736,833,610,408,130,"CO81001",953.125
158,30,39,50,52,735,101,126,593,1120,540,1044,316,602,421,114,"CO81065",377.5625
296,0,60,40,8,59,26,28,49,29,17,48,54,37,17,2,"CO81220",48.125
18,81,182,15,168,439,90,430,583,757,367,359,300,180,157,64,"CO81300",261.875
0,330,248,29,197,396,119,NA,18,8,126,122,7,84,30,3,"CO81591",114.466666666667
375,365,350,537,1195,1017,224,1696,2264,2680,838,795,269,562,479,150,"CO81736",862.25
153,90,576,1282,694,555,476,817,2182,3600,1540,2377,686,1076,784,251,"CO81794",1071.1875
1190,700,864,1138,928,1735,812,784,1120,774,882,543,387,153,177,45,"CO85001",764.5
130,240,149,111,69,68,55,106,496,116,179,91,112,83,70,39,"CO85010",132.125
0,0,0,105,16,26,11,43,29,0,NA,5,0,2,23,0,"CO85015",17.3333333333333
170,50,128,204,26,51,210,116,110,24,27,44,21,36,31,5,"CO85125",78.3125
0,0,0,35,0,0,0,NA,5,0,1,12,0,11,26,9,"CO85136",6.6
0,407,131,0,2,1652,19,96,30,12,41,28,25,17,39,5,"CO85139",156.5
35,588,142,329,44,1193,9,71,34,93,64,43,53,4,16,0,"CO85162",169.875
0,159,14,22,18,75,30,NA,12,12,20,48,7,15,53,6,"CO85225",32.7333333333333
0,0,55,58,0,25,36,87,7,24,29,26,40,20,16,24,"CO85230",27.9375
44,0,46,91,31,80,72,133,238,125,106,79,85,41,81,20,"CO85250",79.5
48,42,55,37,3,29,15,NA,7,6,8,27,24,4,18,7,"CO85263",22
0,0,0,184,46,0,0,NA,0,2,6,8,0,15,1,0,"CO85279",17.4666666666667
0,0,0,33,13,0,7,NA,16,19,9,8,10,0,0,0,"CO85300",7.66666666666667
0,0,0,135,185,34,130,54,29,17,21,35,4,48,11,7,"CO85315",44.375
0,0,0,0,1,27,0,34,35,5,1,8,3,5,3,0,"CO85325",7.625
0,174,0,22,1,39,5,47,9,0,21,52,7,86,83,20,"CO85400",35.375
73,355,194,32,41,905,25,68,38,35,38,61,27,62,30,16,"CO85410",125
0,0,0,23,11,85,10,76,7,20,5,41,12,21,18,15,"CO85430",21.5
0,0,0,103,18,405,23,143,152,243,98,89,38,74,82,26,"CO85440",93.375
970,2104,2520,3626,1666,1909,2678,882,2055,2220,1285,303,1085,284,278,128,"CO86001",1499.5625
0,0,128,48,43,25,90,88,85,123,34,25,49,39,17,14,"CO86219",50.5
160,1803,352,390,288,304,471,181,409,676,571,967,384,852,820,255,"CO86320",555.1875
1170,500,377,1666,2932,4308,2264,2876,4541,3898,2510,2144,1608,2005,1520,494,"CO86568",2175.8125
0,0,84,162,80,143,222,81,145,407,240,481,340,473,399,91,"CO86569",209.25
200,0,0,25,352,420,168,89,334,347,174,1677,103,1231,1039,342,"CO86571",406.3125
70,142,313,428,216,260,304,175,263,346,316,936,325,1059,870,217,"CO86573",390
0,95,158,331,186,422,247,227,337,398,186,74,101,44,45,7,"CO86749",178.625
0,0,88,99,27,10,68,49,74,32,45,21,52,33,9,11,"CO86755",38.625
305,1325,490,112,49,96,197,17,325,147,129,789,241,777,631,133,"CO86757",360.1875
0,0,30,36,43,20,40,18,76,20,46,10,19,40,13,3,"CO86760",25.875
1470,1390,465,378,1833,367,272,1088,458,205,173,1253,195,1502,1136,329,"CO86865",782.125
0,0,91,508,671,219,466,272,239,457,332,561,335,311,305,114,"CO86885",305.0625
0,0,0,28,0,15,0,NA,0,0,NA,0,1,5,1,0,"CO88001",3.57142857142857
0,0,0,0,0,0,0,NA,0,0,NA,0,0,0,0,0,"CO88564",0
0,0,30,46,99,118,92,131,52,53,52,74,43,70,66,15,"CO91001",58.8125
0,0,0,0,0,0,18,NA,0,0,NA,9,0,27,15,7,"CO91263",5.42857142857143
0,0,0,0,0,0,0,NA,14,0,NA,8,0,11,0,3,"CO91405",2.57142857142857
0,0,0,0,17,0,4,NA,10,0,NA,12,0,1,0,0,"CO91407",3.14285714285714
0,0,0,0,0,0,0,NA,0,0,NA,0,0,2,4,0,"CO91430",0.428571428571429
0,0,0,0,0,0,19,NA,0,0,NA,0,0,6,3,1,"CO91460",2.07142857142857
0,0,0,0,0,0,0,NA,7,NA,NA,1,0,5,12,10,"CO91530",2.69230769230769
0,0,0,0,0,0,0,NA,11,0,NA,4,0,0,4,5,"CO91536",1.71428571428571
0,0,0,0,13,0,0,NA,0,0,NA,0,0,1,4,0,"CO91540",1.28571428571429
0,0,0,0,0,3,0,NA,7,0,NA,23,0,20,21,13,"CO91669",6.21428571428571
0,0,0,0,7,0,0,NA,0,0,NA,0,0,3,4,10,"CO91798",1.71428571428571
0,0,50,120,160,473,904,151,415,570,805,167,410,141,183,54,"CO94001",287.6875
0,0,0,0,0,101,0,NA,0,115,NA,78,1,66,29,4,"CO94343",28.1428571428571
0,0,0,0,0,0,0,NA,0,0,NA,10,0,12,28,3,"CO94663",3.78571428571429
0,0,0,0,0,0,0,NA,0,0,NA,0,0,0,0,0,"CO94883",0
0,0,0,0,0,0,0,NA,0,0,NA,0,0,8,4,3,"CO94884",1.07142857142857
0,0,0,0,1,0,0,NA,0,0,NA,0,0,0,0,0,"CO94885",0.0714285714285714
0,0,0,0,0,0,0,NA,0,0,NA,0,0,2,1,0,"CO94886",0.214285714285714
0,0,0,0,0,0,0,NA,0,0,NA,0,0,0,0,0,"CO94887",0
0,0,0,0,0,0,0,NA,0,0,NA,9,0,6,5,0,"CO94888",1.42857142857143
635,0,760,805,2838,3217,2730,841,941,2687,1281,1897,934,1378,1191,383,"CO95001",1407.375
0,0,0,40,0,185,11,78,87,105,32,294,56,360,238,44,"CO95015",95.625
105,0,30,0,81,224,118,121,112,116,58,553,29,403,242,59,"CO95025",140.6875
123,0,0,0,0,275,157,72,139,61,30,456,21,250,258,56,"CO95200",118.625
0,0,0,0,26,433,581,46,168,228,32,119,69,173,124,32,"CO97001",126.9375
0,0,0,0,0,157,210,NA,12,26,2,53,8,32,50,9,"CO97161",37.2666666666667
0,0,0,0,0,0,0,NA,7,0,NA,3,0,0,0,0,"CO97511",0.714285714285714
0,0,0,0,0,0,0,NA,6,NA,NA,0,0,1,6,0,"CO97666",1
0,0,0,0,0,0,0,NA,0,0,NA,16,0,6,0,0,"CO97777",1.57142857142857
0,0,0,0,0,13,0,NA,0,0,NA,0,0,0,0,0,"CO97889",0.928571428571429
0,0,305,243,106,92,165,121,1460,288,544,58,131,48,62,24,"CO99001",227.9375
0,0,25,1,4,5,36,50,324,70,17,57,6,59,33,4,"CO99524",43.1875
0,0,26,0,22,0,0,13,48,15,NA,19,0,7,8,0,"CO99624",10.5333333333333
0,0,0,121,5,762,305,86,344,106,32,909,46,453,331,50,"CO99773",221.875
NA,NA,NA,NA,NA,NA,NA,NA,NA,NA,NA,NA,NA,NA,NA,NA,"CONA",NA
