DIVIPOLA,DEPARTAMENTO,MUNICIPIO,1999,2000,2001,2002,2003,2004,2005,2006,2007,2008,2009,2010,2011,2012,2013,2014
05001,ANTIOQUIA,MEDELLIN,10040,4500,21000,23033,7436,19346,10043,16294,17301,26847,27284,17642,29460,16096,9952,2637
05002,ANTIOQUIA,ABEJORRAL,0,0,91,56,6,129,42,26,58,35,15,53,28,45,11,17
05004,ANTIOQUIA,ABRIAQUI,0,0,0,0,0,0,0,,6,0,3,9,0,7,0,3
05021,ANTIOQUIA,ALEJANDRIA,0,0,860,0,0,0,10,,12,,13,37,7,11,3,0
05030,ANTIOQUIA,AMAGA,0,0,0,8,0,10,51,24,37,16,15,40,10,71,131,47
05031,ANTIOQUIA,AMALFI,0,0,50,0,4,21,0,22,39,48,31,149,5941,274,286,51
05034,ANTIOQUIA,ANDES,20,0,0,15,1,48,0,,16,24,19,209,46,152,147,71
05036,ANTIOQUIA,ANGELOPOLIS,120,0,135,0,0,7,0,,0,0,14,27,11,12,68,1
05038,ANTIOQUIA,ANGOSTURA,0,0,0,0,0,0,0,,7,1,,61,6,34,75,32
05040,ANTIOQUIA,ANORI,0,0,160,0,3,248,45,26,102,2050,46,191,5045,335,352,65
05042,ANTIOQUIA,SANTAFE DE ANTIOQUIA,0,60,25,40,55,22,0,,86,43,16,45,40,73,40,13
05044,ANTIOQUIA,ANZA,0,2800,0,0,0,30,0,,0,6,,40,10,21,20,5
05045,ANTIOQUIA,APARTADO,550,395,1420,824,746,1443,1287,1314,1634,2635,2575,2983,767,1070,1058,362
05051,ANTIOQUIA,ARBOLETES,0,259,60,4,0,0,3,9,49,10,,211,21,197,145,36
05055,ANTIOQUIA,ARGELIA,0,0,0,1025,1648,708,993,1747,79,153,34,47,249,79,56,23
05059,ANTIOQUIA,ARMENIA,0,0,0,0,16,10,0,,0,0,,0,0,67,56,9
05079,ANTIOQUIA,BARBOSA,0,550,212,98,63,71,39,9,77,66,46,91,55,112,119,40
05086,ANTIOQUIA,BELMIRA,0,0,0,0,0,0,0,,0,,4,22,3,9,29,7
05088,ANTIOQUIA,BELLO,600,20,313,668,549,723,397,568,734,3175,4924,3115,1423,615,607,346
05091,ANTIOQUIA,BETANIA,0,100,0,0,6,0,0,8,15,5,17,22,0,17,34,7
05093,ANTIOQUIA,BETULIA,550,1522,101,0,3,12,29,31,18,44,73,169,39,68,46,16
05101,ANTIOQUIA,CIUDAD BOLIVAR,0,0,0,0,0,24,19,,6,19,14,92,29,87,82,14
05107,ANTIOQUIA,BRICEÑO,0,124,0,4,21,0,0,16,12,21,9,163,8,416,372,129
05113,ANTIOQUIA,BURITICA,18,22,2550,0,0,15,32,,19,0,6,31,7,50,81,22
05120,ANTIOQUIA,CACERES,40,0,410,5,14,85,0,25,87,170,138,1579,664,1231,627,358
05125,ANTIOQUIA,CAICEDO,0,0,0,0,16,5,0,20,0,24,11,151,10,76,60,34
05129,ANTIOQUIA,CALDAS,0,0,120,53,129,19,48,37,42,32,25,87,90,68,135,29
05134,ANTIOQUIA,CAMPAMENTO,0,50,0,0,6,0,0,,0,6,19,151,15,157,127,58
05138,ANTIOQUIA,CAÑASGORDAS,40,50,150,0,21,7,0,7,6,25,20,206,27,128,123,38
05142,ANTIOQUIA,CARACOLI,0,0,0,0,0,0,0,,0,,,34,16,31,14,3
05145,ANTIOQUIA,CARAMANTA,0,0,45,0,0,0,0,,0,0,,17,4,10,7,0
05147,ANTIOQUIA,CAREPA,3150,1000,1890,177,31,75,135,85,215,174,298,297,251,359,409,142
05148,ANTIOQUIA,EL CARMEN DE VIBORAL,0,198,423,204,756,246,328,44,157,27,49,89,38,51,65,21
05150,ANTIOQUIA,CAROLINA,0,30,10,37,0,0,0,,0,,1,10,2,17,7,1
05154,ANTIOQUIA,CAUCASIA,160,0,250,276,100,143,376,126,271,568,762,3323,1009,835,866,272
05172,ANTIOQUIA,CHIGORODO,360,395,280,150,0,40,88,58,106,389,221,681,298,937,458,165
05190,ANTIOQUIA,CISNEROS,34,0,85,0,0,0,23,9,2,26,9,49,55,33,27,20
05197,ANTIOQUIA,COCORNA,0,2325,0,93,449,1280,46,35,176,58,56,80,30,65,106,25
05206,ANTIOQUIA,CONCEPCION,57,75,255,45,66,6,0,,0,5,17,12,1,5,0,0
05209,ANTIOQUIA,CONCORDIA,198,35,80,0,12,7,0,11,11,7,10,80,15,70,57,10
05212,ANTIOQUIA,COPACABANA,0,0,60,67,110,26,59,38,76,87,98,61,170,43,70,23
05234,ANTIOQUIA,DABEIBA,694,202,183,25,163,1006,42,75,106,235,96,616,57,489,221,69
05237,ANTIOQUIA,DON MATIAS,0,0,0,0,12,522,15,,21,68,66,16,47,68,37,11
05240,ANTIOQUIA,EBEJICO,0,0,0,20,0,5,0,,0,0,9,41,0,52,33,8
05250,ANTIOQUIA,EL BAGRE,0,1400,110,31,0,218,51,20,86,93,49,772,180,786,2336,477
05264,ANTIOQUIA,ENTRERRIOS,0,0,0,0,0,0,0,,7,0,,9,17,7,15,4
05266,ANTIOQUIA,ENVIGADO,0,0,323,55,34,170,73,61,76,74,124,43,688,40,41,1
05282,ANTIOQUIA,FREDONIA,0,0,0,0,0,0,0,,0,7,7,30,36,13,50,20
05284,ANTIOQUIA,FRONTINO,165,1000,55,20,74,23,0,16,18,53,58,182,39,157,114,27
05306,ANTIOQUIA,GIRALDO,0,0,0,0,0,0,0,,0,5,12,13,0,7,20,11
05308,ANTIOQUIA,GIRARDOTA,0,0,134,52,10,0,58,21,24,24,32,9,78,21,63,67
05310,ANTIOQUIA,GOMEZ PLATA,0,60,0,0,0,0,0,,0,,,21,13,19,22,12
05313,ANTIOQUIA,GRANADA,465,80,449,2136,410,590,79,274,34,188,26,45,24,38,10,12
05315,ANTIOQUIA,GUADALUPE,0,0,0,0,15,0,0,,4,0,,74,10,75,34,6
05318,ANTIOQUIA,GUARNE,0,40,144,93,19,71,17,36,79,47,46,19,66,27,16,15
05321,ANTIOQUIA,GUATAPE,86,0,229,7,12,0,0,9,0,17,,8,8,3,5,3
05347,ANTIOQUIA,HELICONIA,0,140,60,0,0,0,0,,0,1,,16,12,44,19,9
05353,ANTIOQUIA,HISPANIA,0,0,0,0,0,0,0,,0,0,,1,0,17,10,6
05360,ANTIOQUIA,ITAGUI,0,19,230,374,177,199,243,173,215,380,602,511,1188,480,472,100
05361,ANTIOQUIA,ITUANGO,261,4050,820,1420,13,1608,166,23,594,565,1722,2176,828,928,742,225
05364,ANTIOQUIA,JARDIN,41,0,40,0,0,0,3,16,7,8,3,40,0,31,20,13
05368,ANTIOQUIA,JERICO,0,0,0,0,0,0,19,,0,0,,18,10,16,1,1
05376,ANTIOQUIA,LA CEJA,0,400,268,84,237,164,304,96,122,126,189,34,41,36,19,13
05380,ANTIOQUIA,LA ESTRELLA,0,0,55,36,55,31,40,15,29,47,79,23,84,109,108,9
05390,ANTIOQUIA,LA PINTADA,0,0,63,0,4,0,0,,0,1,,27,8,24,3,3
05400,ANTIOQUIA,LA UNION,0,700,60,105,163,99,52,31,67,59,30,37,28,38,32,0
05411,ANTIOQUIA,LIBORINA,25,0,0,0,0,0,0,16,0,1,8,31,20,33,21,5
05425,ANTIOQUIA,MACEO,0,0,0,14,32,7,0,9,14,35,36,67,8,33,32,10
05440,ANTIOQUIA,MARINILLA,0,222,413,282,311,86,90,26,42,97,76,41,84,43,34,13
05467,ANTIOQUIA,MONTEBELLO,0,0,212,0,46,19,0,,7,8,,28,3,32,35,2
05475,ANTIOQUIA,MURINDO,0,3057,770,14,0,294,47,,37,25,,45,0,39,38,6
05480,ANTIOQUIA,MUTATA,1080,198,207,125,10,84,0,3092,286,318,411,229,37,596,278,50
05483,ANTIOQUIA,NARIÑO,0,0,10,30,260,151,164,1366,122,21,23,110,50,85,168,61
05490,ANTIOQUIA,NECOCLI,55,52,116,78,0,21,0,,40,2,34,284,4,245,280,65
05495,ANTIOQUIA,NECHI,100,0,125,0,0,43,223,14,63,500,112,1640,248,388,267,106
05501,ANTIOQUIA,OLAYA,0,0,0,0,0,0,0,,0,0,,34,0,4,27,8
05541,ANTIOQUIA,PEÑOL,0,72,389,22,437,24,0,50,3,9,16,26,17,67,21,26
05543,ANTIOQUIA,PEQUE,0,400,5535,0,24,396,0,,8,11,7,222,7,30,67,23
05576,ANTIOQUIA,PUEBLORRICO,0,0,0,25,0,12,0,,0,1,5,22,4,47,30,3
05579,ANTIOQUIA,PUERTO BERRIO,0,0,108,79,48,10,55,9,4,57,48,471,86,473,518,104
05585,ANTIOQUIA,PUERTO NARE,5,0,1250,870,4,25,38,,34,5,7,69,4,91,51,42
05591,ANTIOQUIA,PUERTO TRIUNFO,39,0,897,178,182,125,57,11,73,45,27,85,31,46,62,7
05604,ANTIOQUIA,REMEDIOS,281,450,715,30,41,13,28,27,792,40,80,155,124,1006,498,59
05607,ANTIOQUIA,RETIRO,0,322,296,4,1,25,0,,7,36,,4,8,9,10,0
05615,ANTIOQUIA,RIONEGRO,0,400,394,417,620,746,241,171,212,247,154,69,181,138,60,31
05628,ANTIOQUIA,SABANALARGA,95,15,415,0,0,5,0,,1,0,9,147,15,91,129,42
05631,ANTIOQUIA,SABANETA,0,0,131,74,63,14,32,,60,28,35,123,56,20,12,9
05642,ANTIOQUIA,SALGAR,75,0,0,40,12,31,0,,6,18,31,111,39,232,100,49
05647,ANTIOQUIA,SAN ANDRES DE CUERQUIA,0,0,30,0,0,20,17,,9,22,14,66,35,144,93,38
05649,ANTIOQUIA,SAN CARLOS,233,80,245,562,1680,2120,35,15,59,113,36,137,62,56,30,11
05652,ANTIOQUIA,SAN FRANCISCO,27,500,79,0,1760,2901,542,12,191,72,,28,18,41,9,18
05656,ANTIOQUIA,SAN JERONIMO,0,0,35,0,0,0,0,,0,,,13,11,5,9,2
05658,ANTIOQUIA,SAN JOSE DE LA MONTAÑA,0,0,0,0,0,0,0,,0,0,,18,0,17,27,0
05659,ANTIOQUIA,SAN JUAN DE URABA,0,93,0,17,0,5,31,,101,29,24,91,26,207,164,63
05660,ANTIOQUIA,SAN LUIS,291,1600,1894,766,2893,1084,20,16,75,65,64,76,43,54,33,7
05664,ANTIOQUIA,SAN PEDRO,0,0,0,3,29,8,0,,0,1,6,75,11,109,98,19
05665,ANTIOQUIA,SAN PEDRO DE URABA,116,0,651,6,6,74,0,19,57,59,40,215,35,153,146,70
05667,ANTIOQUIA,SAN RAFAEL,83,2500,127,905,28,1248,47,79,55,262,67,105,47,39,35,4
05670,ANTIOQUIA,SAN ROQUE,0,0,0,0,775,66,24,,2,29,23,84,47,69,92,14
05674,ANTIOQUIA,SAN VICENTE,0,85,114,125,53,17,0,14,16,11,17,63,10,63,24,11
05679,ANTIOQUIA,SANTA BARBARA,0,52,158,33,17,23,0,,19,34,40,43,21,30,53,21
05686,ANTIOQUIA,SANTA ROSA DE OSOS,0,66,40,2,6,0,0,,28,,6,27,84,376,126,31
05690,ANTIOQUIA,SANTO DOMINGO,232,40,311,5,7,15,20,,36,13,3,58,26,42,73,29
05697,ANTIOQUIA,EL SANTUARIO,68,1380,449,83,212,40,68,27,10,,23,5,52,19,21,0
05736,ANTIOQUIA,SEGOVIA,30,240,158,70,269,27,141,11,56,112,113,397,53,2063,1134,169
05756,ANTIOQUIA,SONSON,0,80,192,342,1030,215,108,43,145,804,705,229,90,166,110,38
05761,ANTIOQUIA,SOPETRAN,0,0,0,27,3,0,9,,3,0,19,158,17,46,49,28
05789,ANTIOQUIA,TAMESIS,18,30,148,0,0,5,0,,0,3,,9,18,38,19,3
05790,ANTIOQUIA,TARAZA,0,0,1500,0,19,31,46,115,170,3908,1544,1261,3132,1030,2182,353
05792,ANTIOQUIA,TARSO,0,0,0,0,0,0,0,,2,0,,11,10,17,6,0
05809,ANTIOQUIA,TITIRIBI,0,0,0,2,0,0,0,,0,,,6,2,14,19,12
05819,ANTIOQUIA,TOLEDO,830,0,45,0,0,10,0,,0,3,,127,13,159,90,39
05837,ANTIOQUIA,TURBO,500,136,350,215,276,464,228,104,276,622,780,937,8935,1823,1981,534
05842,ANTIOQUIA,URAMITA,170,450,435,24,5,0,26,9,37,15,16,145,44,119,78,21
05847,ANTIOQUIA,URRAO,516,7450,0,71,98,565,1023,35,2767,549,211,710,193,408,364,112
05854,ANTIOQUIA,VALDIVIA,4,0,0,10,47,17,33,,50,4150,327,795,47,422,256,107
05856,ANTIOQUIA,VALPARAISO,0,0,0,0,4,14,0,,0,0,2,5,3,9,5,0
05858,ANTIOQUIA,VEGACHI,0,0,20,15,4,8,0,,0,24,4,190,38,422,328,32
05861,ANTIOQUIA,VENECIA,0,0,0,0,2,5,0,,0,3,11,18,24,19,29,6
05873,ANTIOQUIA,VIGIA DEL FUERTE,383,0,0,0,201,21,15,,0,2,10,305,0,736,116,33
05885,ANTIOQUIA,YALI,300,0,400,0,6,41,32,,0,,,62,0,42,29,5
05887,ANTIOQUIA,YARUMAL,0,195,166,15,29,31,23,,43,276,101,337,136,648,419,157
05890,ANTIOQUIA,YOLOMBO,382,0,233,29,5,7,0,,18,12,2,124,12,107,94,25
05893,ANTIOQUIA,YONDO,670,3485,923,190,70,13,0,125,119,252,92,177,31,121,131,19
05895,ANTIOQUIA,ZARAGOZA,0,0,1150,0,2541,94,175,,44,533,313,910,329,731,668,183
08001,ATLANTICO,BARRANQUILLA,3890,16048,5020,5502,1423,3033,6093,2427,3916,2689,2324,288,1325,298,328,116
08078,ATLANTICO,BARANOA,0,0,100,79,24,38,86,24,34,42,29,36,11,13,26,13
08137,ATLANTICO,CAMPO DE LA CRUZ,70,0,15,125,0,8,21,,0,4,9,0,0,0,0,4
08141,ATLANTICO,CANDELARIA,0,15,0,0,0,0,44,,0,0,,12,0,0,0,0
08296,ATLANTICO,GALAPA,225,0,138,34,35,144,147,211,58,56,29,40,35,24,20,7
08372,ATLANTICO,JUAN DE ACOSTA,60,0,0,8,0,0,0,,0,,,4,0,5,0,0
08421,ATLANTICO,LURUACO,0,0,50,40,0,79,32,9,7,5,7,8,4,4,40,26
08433,ATLANTICO,MALAMBO,785,230,335,725,213,1162,599,302,355,320,187,43,127,59,57,10
08436,ATLANTICO,MANATI,0,0,32,42,5,8,11,,0,7,,19,0,0,0,0
08520,ATLANTICO,PALMAR DE VARELA,300,120,0,73,10,30,35,,0,1,,8,8,0,0,0
08549,ATLANTICO,PIOJO,0,0,0,0,0,0,5,,0,,,0,4,0,0,8
08558,ATLANTICO,POLONUEVO,153,49,0,38,16,6,17,,2,1,,3,0,0,1,0
08560,ATLANTICO,PONEDERA,64,1250,642,53,3,10,10,10,8,4,,5,0,0,2,0
08573,ATLANTICO,PUERTO COLOMBIA,90,0,100,85,9,0,42,,55,24,16,0,46,0,24,9
08606,ATLANTICO,REPELON,25,0,20,77,0,0,16,,0,13,1,10,0,10,1,0
08634,ATLANTICO,SABANAGRANDE,491,373,157,123,17,16,58,49,53,53,29,21,11,5,29,4
08638,ATLANTICO,SABANALARGA,356,0,83,148,28,16,46,25,27,44,18,31,37,30,11,11
08675,ATLANTICO,SANTA LUCIA,0,0,40,162,0,0,0,,0,3,4,9,0,0,0,2
08685,ATLANTICO,SANTO TOMAS,85,695,296,76,60,39,96,148,49,25,19,12,17,9,0,0
08758,ATLANTICO,SOLEDAD,1079,670,1085,3559,1013,1962,2843,1838,966,2938,1014,155,1458,132,171,76
08770,ATLANTICO,SUAN,0,1373,208,12,0,0,0,17,7,0,,0,0,0,0,0
08832,ATLANTICO,TUBARA,0,69,0,63,13,16,12,14,10,8,11,10,3,0,0,0
08849,ATLANTICO,USIACURI,0,0,0,7,678,0,0,,0,0,,4,0,0,0,0
11001,BOGOTA,BOGOTA. D.C.,33143,43780,53520,51737,13074,31491,39176,31670,44791,56087,42999,26352,41246,626,387,178
13001,BOLIVAR,CARTAGENA,6640,3858,5746,5825,3888,7069,9992,11178,6216,4364,4477,2705,1592,339,286,131
13006,BOLIVAR,ACHI,375,50,55,47,71,56,29,13,3,6,,225,21,223,256,84
13030,BOLIVAR,ALTOS DEL ROSARIO,360,0,0,0,0,5,0,,0,0,,186,7,30,67,3
13042,BOLIVAR,ARENAL,260,350,0,0,55,278,35,,60,22,1,92,27,94,80,23
13052,BOLIVAR,ARJONA,130,77,760,87,177,85,160,27,117,117,67,49,18,63,51,12
13062,BOLIVAR,ARROYOHONDO,0,0,0,0,0,0,0,,0,,,0,0,0,1,0
13074,BOLIVAR,BARRANCO DE LOBA,270,38,50,196,61,17,0,,0,5,2,151,160,116,156,34
13140,BOLIVAR,CALAMAR,0,40,0,0,0,0,13,62,0,1,,32,0,15,3,5
13160,BOLIVAR,CANTAGALLO,2634,1190,1750,740,0,24,32,,70,37,18,381,22,128,103,15
13188,BOLIVAR,CICUCO,0,0,0,30,0,7,6,,0,0,11,3,0,17,8,0
13212,BOLIVAR,CORDOBA,0,900,20,457,0,34,0,14,51,,,140,0,15,15,5
13222,BOLIVAR,CLEMENCIA,0,0,0,107,47,28,23,,1,3,,19,18,11,15,6
13244,BOLIVAR,EL CARMEN DE BOLIVAR,6301,8525,2960,981,2716,903,844,949,187,116,44,295,8,245,169,32
13248,BOLIVAR,EL GUAMO,0,0,0,0,0,0,0,14,8,0,,27,0,6,13,2
13268,BOLIVAR,EL PEÑON,0,0,0,0,5,0,0,,0,4,,26,1,14,14,7
13300,BOLIVAR,HATILLO DE LOBA,32,0,0,0,0,0,0,,0,0,,17,0,15,5,1
13430,BOLIVAR,MAGANGUE,2038,350,3490,1004,578,399,740,50,320,810,1644,1996,1411,239,187,43
13433,BOLIVAR,MAHATES,448,195,526,0,23,3,0,,17,11,,19,26,12,5,1
13440,BOLIVAR,MARGARITA,0,0,0,0,0,0,0,,0,,,14,0,15,15,14
13442,BOLIVAR,MARIA LA BAJA,1111,1750,51,37,319,987,275,39,241,198,45,182,4,82,88,16
13458,BOLIVAR,MONTECRISTO,240,850,15,26,0,56,100,,193,27,2,159,26,444,1042,70
13468,BOLIVAR,MOMPOS,37,47,40,0,0,5,0,,5,22,,129,6,51,55,21
13473,BOLIVAR,NOROSI,819,1372,90,547,244,356,119,,80,107,41,306,20,157,155,53
13490,BOLIVAR,MORALES,,,,,,,,,,,,31,0,78,190,28
13549,BOLIVAR,PINILLOS,90,0,0,0,32,0,0,,0,,13,286,21,60,136,39
13580,BOLIVAR,REGIDOR,0,0,20,0,0,45,39,,19,16,,32,0,5,27,2
13600,BOLIVAR,RIO VIEJO,0,434,85,115,112,43,0,,84,22,15,67,133,60,54,12
13620,BOLIVAR,SAN CRISTOBAL,0,0,0,0,0,10,0,,7,0,,13,0,4,8,0
13647,BOLIVAR,SAN ESTANISLAO,0,0,108,0,482,3,0,,4,0,,16,0,0,3,0
13650,BOLIVAR,SAN FERNANDO,0,0,0,0,0,0,0,,0,0,,18,0,15,1,10
13654,BOLIVAR,SAN JACINTO,5020,475,383,0,139,160,44,8,23,0,,109,2,76,40,1
13655,BOLIVAR,SAN JACINTO DEL CAUCA,0,0,0,0,0,8,63,,0,3,,134,13,76,14,5
13657,BOLIVAR,SAN JUAN NEPOMUCENO,1561,785,189,1422,1,250,210,2648,206,12,21,59,24,47,22,7
13667,BOLIVAR,SAN MARTIN DE LOBA,201,50,0,0,0,19,31,,2,,,129,30,115,47,25
13670,BOLIVAR,SAN PABLO,2448,1490,2765,1010,422,540,544,,773,1572,1846,1040,904,584,503,97
13673,BOLIVAR,SANTA CATALINA,0,0,0,0,0,10,0,,0,0,,9,0,0,10,1
13683,BOLIVAR,SANTA ROSA,0,3072,1772,0,181,77,236,,155,151,163,234,10,345,457,76
13688,BOLIVAR,SANTA ROSA DEL SUR,431,0,420,793,54,91,121,1000,698,1256,651,478,336,640,456,140
13744,BOLIVAR,SIMITI,987,162,88,94,13,26,5,,74,126,78,344,91,141,218,22
13760,BOLIVAR,SOPLAVIENTO,0,0,0,0,0,0,21,,0,0,,6,0,0,0,7
13780,BOLIVAR,TALAIGUA NUEVO,0,0,0,0,0,5,0,,0,,,19,0,7,13,0
13810,BOLIVAR,TIQUISIO,2162,50,80,0,0,66,376,,17,40,16,200,18,427,458,58
13836,BOLIVAR,TURBACO,310,1136,1043,130,65,226,173,,57,96,81,37,38,63,26,14
13838,BOLIVAR,TURBANA,0,0,0,0,0,7,0,,2,3,,3,0,18,13,4
13873,BOLIVAR,VILLANUEVA,0,130,333,87,9,124,10,,19,,6,63,1,11,18,4
13894,BOLIVAR,ZAMBRANO,710,230,495,47,81,42,8,,0,112,297,127,3,31,11,9
15001,BOYACA,TUNJA,655,920,893,500,194,370,418,530,532,98,105,236,94,3,3,14
15022,BOYACA,ALMEIDA,0,0,0,0,0,0,0,,0,0,,4,0,0,0,0
15047,BOYACA,AQUITANIA,0,0,14,6,167,30,27,,6,1,4,18,6,25,13,7
15051,BOYACA,ARCABUCO,0,0,0,0,6,27,0,12,4,13,,0,2,0,0,0
15087,BOYACA,BELEN,0,0,0,0,0,0,15,,11,,3,0,8,4,1,3
15090,BOYACA,BERBEO,0,0,35,0,0,5,0,13,3,0,8,0,9,5,0,0
15092,BOYACA,BETEITIVA,0,0,0,0,0,4,0,,3,0,,0,0,0,0,0
15097,BOYACA,BOAVITA,0,0,0,0,0,0,0,9,0,0,,4,0,0,0,0
15104,BOYACA,BOYACA,0,0,0,0,0,0,0,10,0,11,6,18,0,3,15,0
15106,BOYACA,BRICEÑO,0,0,0,0,0,0,0,,0,6,,3,0,0,0,7
15109,BOYACA,BUENAVISTA,0,0,20,11,1,6,0,12,2,12,5,0,2,0,0,0
15114,BOYACA,BUSBANZA,0,0,0,0,0,0,0,,0,0,,0,0,0,0,0
15131,BOYACA,CALDAS,0,0,0,0,0,0,0,,0,0,,0,0,5,0,0
15135,BOYACA,CAMPOHERMOSO,0,0,20,82,0,0,0,,9,0,,8,0,5,1,0
15162,BOYACA,CERINZA,0,0,0,0,0,0,0,,0,0,,0,0,0,1,0
15172,BOYACA,CHINAVITA,0,0,0,35,7,0,12,,13,0,,0,0,0,0,0
15176,BOYACA,CHIQUINQUIRA,0,49,25,128,6,67,68,153,218,98,50,22,63,7,5,4
15180,BOYACA,CHISCAS,0,0,0,0,0,0,0,,0,0,,0,0,11,5,5
15183,BOYACA,CHITA,0,0,0,0,11,7,19,28,11,13,12,25,4,29,20,0
15185,BOYACA,CHITARAQUE,0,0,0,0,8,0,0,,13,4,12,28,0,5,4,1
15187,BOYACA,CHIVATA,0,0,0,0,0,0,0,,0,0,,0,0,0,0,0
15189,BOYACA,CIENEGA,0,0,0,82,0,192,0,,0,0,,6,8,0,0,0
15204,BOYACA,COMBITA,0,0,0,0,0,0,0,,17,0,4,6,0,0,0,0
15212,BOYACA,COPER,0,0,0,0,0,12,0,,10,20,,5,0,1,3,0
15215,BOYACA,CORRALES,0,0,0,0,0,0,0,,0,0,,0,0,0,0,0
15218,BOYACA,COVARACHIA,0,0,0,0,0,0,0,,0,0,,0,2,3,0,0
15223,BOYACA,CUBARA,265,0,0,0,6,44,61,56,124,89,12,25,8,51,28,11
15224,BOYACA,CUCAITA,0,0,0,0,0,0,0,,0,0,,5,0,0,5,2
15226,BOYACA,CUITIVA,0,0,0,0,76,0,0,,0,0,,0,0,0,0,0
15232,BOYACA,CHIQUIZA,0,0,0,0,0,0,0,,0,0,,0,0,0,0,0
15236,BOYACA,CHIVOR,0,0,0,0,0,27,7,17,0,1,,8,0,1,10,0
15238,BOYACA,DUITAMA,135,0,435,340,214,670,118,71,181,115,114,18,85,4,3,1
15244,BOYACA,EL COCUY,20,0,0,0,0,0,0,,0,0,,13,0,4,1,0
15248,BOYACA,EL ESPINO,50,0,0,0,0,0,0,,0,0,,0,0,0,0,0
15272,BOYACA,FIRAVITOBA,0,0,0,0,0,21,0,,0,0,12,0,0,0,0,0
15276,BOYACA,FLORESTA,0,0,0,3,9,6,0,,0,0,,0,0,0,0,0
15293,BOYACA,GACHANTIVA,0,0,0,26,0,0,0,,0,0,,0,0,0,0,0
15296,BOYACA,GAMEZA,0,0,0,0,0,0,0,11,0,5,,5,0,0,0,0
15299,BOYACA,GARAGOA,45,0,90,0,24,22,49,49,25,13,19,8,30,6,0,0
15317,BOYACA,GUACAMAYAS,0,0,0,0,0,0,0,,5,0,,3,0,4,0,0
15322,BOYACA,GUATEQUE,0,0,15,13,19,5,2,27,4,22,31,10,9,1,3,0
15325,BOYACA,GUAYATA,0,0,0,28,0,3,0,,6,5,10,6,8,0,5,0
15332,BOYACA,GsICAN,90,0,0,0,0,0,0,53,0,0,,1,0,3,4,0
15362,BOYACA,IZA,0,0,0,0,8,0,0,,0,0,,0,0,0,6,0
15367,BOYACA,JENESANO,0,0,0,0,0,0,18,,0,0,,0,0,0,0,0
15368,BOYACA,JERICO,0,0,0,0,0,0,0,,0,0,,18,0,8,0,0
15377,BOYACA,LABRANZAGRANDE,46,0,0,0,0,22,31,6,17,,,14,10,20,29,10
15380,BOYACA,LA CAPILLA,0,0,0,0,0,0,0,,0,0,,0,3,0,0,0
15401,BOYACA,LA VICTORIA,0,0,0,0,0,3,0,,0,2,,1,0,0,0,0
15403,BOYACA,LA UVITA,15,570,330,0,0,3,0,,0,1,,17,0,0,0,0
15407,BOYACA,VILLA DE LEYVA,0,0,27,0,0,0,0,24,2,6,16,0,11,0,0,0
15425,BOYACA,MACANAL,0,0,14,13,6,0,23,,1,,2,1,11,4,0,0
15442,BOYACA,MARIPI,0,0,0,0,0,0,0,,11,,,44,1,19,6,2
15455,BOYACA,MIRAFLORES,0,0,20,15,6,12,47,27,36,24,26,19,0,17,2,0
15464,BOYACA,MONGUA,0,0,15,0,0,71,18,,0,2,,16,0,11,5,0
15466,BOYACA,MONGUI,0,0,0,0,0,0,0,,9,0,,0,0,0,0,0
15469,BOYACA,MONIQUIRA,0,0,28,54,8,30,18,6,3,57,22,16,8,0,0,0
15476,BOYACA,MOTAVITA,0,0,0,0,6,8,0,,0,0,,0,0,0,0,0
15480,BOYACA,MUZO,0,0,10,15,8,35,15,42,25,6,,22,7,27,13,7
15491,BOYACA,NOBSA,0,0,0,0,5,30,27,,37,12,13,0,20,0,0,0
15494,BOYACA,NUEVO COLON,0,0,0,0,0,0,9,,10,0,,4,0,0,0,0
15500,BOYACA,OICATA,0,0,0,0,0,0,0,,0,0,,0,0,0,0,0
15507,BOYACA,OTANCHE,0,78,16,108,0,23,38,77,0,40,12,53,4,13,74,16
15511,BOYACA,PACHAVITA,0,0,0,0,3,3,0,,0,0,,0,0,0,0,0
15514,BOYACA,PAEZ,0,0,18,22,8,0,56,,5,,,4,2,11,0,0
15516,BOYACA,PAIPA,0,0,84,36,26,76,73,50,33,38,53,1,18,3,0,0
15518,BOYACA,PAJARITO,25,0,367,16,110,30,0,,4,0,,14,0,32,14,6
15522,BOYACA,PANQUEBA,22,0,0,0,0,0,0,,0,0,,0,0,0,0,0
15531,BOYACA,PAUNA,0,0,27,0,0,0,12,13,5,6,,25,3,0,11,6
15533,BOYACA,PAYA,34,0,0,0,0,48,0,,0,12,8,6,0,11,10,9
15537,BOYACA,PAZ DE RIO,0,0,0,0,17,0,0,,0,0,,0,0,0,0,0
15542,BOYACA,PESCA,0,0,0,6,0,67,0,,0,6,3,1,1,1,12,0
15550,BOYACA,PISBA,33,0,0,0,0,0,0,,0,0,,4,0,1,7,8
15572,BOYACA,PUERTO BOYACA,69,0,36,184,99,112,84,144,62,138,95,177,82,112,177,81
15580,BOYACA,QUIPAMA,0,0,24,0,0,22,0,,0,0,,9,0,7,9,0
15599,BOYACA,RAMIRIQUI,0,0,16,25,30,14,0,,0,0,,1,0,4,0,0
15600,BOYACA,RAQUIRA,0,0,0,0,1,0,0,,8,0,,0,0,0,0,0
15621,BOYACA,RONDON,0,52,0,0,0,0,0,,0,5,3,3,9,0,0,0
15632,BOYACA,SABOYA,0,0,0,0,0,0,0,7,0,0,,10,0,3,0,0
15638,BOYACA,SACHICA,0,0,16,0,0,0,0,,0,0,,0,0,0,4,0
15646,BOYACA,SAMACA,0,0,0,15,0,11,17,22,15,20,16,8,30,3,5,0
15660,BOYACA,SAN EDUARDO,0,0,0,0,6,0,40,,0,0,,8,0,0,1,0
15664,BOYACA,SAN JOSE DE PARE,0,0,0,0,0,0,0,,6,9,18,10,4,6,0,0
15667,BOYACA,SAN LUIS DE GACENO,30,0,25,21,26,42,0,14,20,29,17,23,0,8,8,0
15673,BOYACA,SAN MATEO,0,0,0,11,0,0,42,,0,0,,5,0,0,1,0
15676,BOYACA,SAN MIGUEL DE SEMA,0,0,0,6,0,0,21,,0,0,,0,0,4,0,0
15681,BOYACA,SAN PABLO DE BORBUR,0,0,35,2,0,0,0,,1,6,2,32,0,2,19,0
15686,BOYACA,SANTANA,0,0,0,0,0,5,9,9,19,4,,12,0,3,0,0
15690,BOYACA,SANTA MARIA,0,0,13,32,0,5,0,,8,12,,4,0,4,2,0
15693,BOYACA,SANTA ROSA DE VITERBO,0,0,0,25,15,14,10,,0,15,,0,0,1,0,0
15696,BOYACA,SANTA SOFIA,0,0,0,0,0,0,0,,0,0,,0,0,5,0,0
15720,BOYACA,SATIVANORTE,0,0,0,0,0,0,0,48,3,0,,0,0,0,9,0
15723,BOYACA,SATIVASUR,0,0,0,0,0,0,0,,0,0,,0,0,0,0,0
15740,BOYACA,SIACHOQUE,0,0,0,0,0,0,0,,0,0,,0,0,0,0,0
15753,BOYACA,SOATA,0,0,0,9,0,0,15,,8,0,5,0,4,0,0,0
15755,BOYACA,SOCOTA,56,0,0,20,0,5,0,,7,3,,3,0,11,10,12
15757,BOYACA,SOCHA,0,0,0,0,0,24,16,8,0,8,10,12,0,10,8,4
15759,BOYACA,SOGAMOSO,649,680,443,445,132,583,383,128,160,115,121,17,52,6,21,3
15761,BOYACA,SOMONDOCO,0,0,25,0,0,7,0,,0,7,1,9,0,0,1,0
15762,BOYACA,SORA,0,0,0,0,1,0,0,,0,0,,0,0,0,0,0
15763,BOYACA,SOTAQUIRA,0,0,0,0,0,0,5,,15,0,,0,4,0,0,0
15764,BOYACA,SORACA,0,0,0,0,0,0,0,,0,7,,0,0,0,0,0
15774,BOYACA,SUSACON,0,0,0,0,0,0,0,,0,0,,3,0,0,0,0
15776,BOYACA,SUTAMARCHAN,0,0,0,0,0,0,0,,4,4,,0,0,0,0,0
15778,BOYACA,SUTATENZA,0,0,15,0,4,3,0,41,0,0,,0,0,2,0,0
15790,BOYACA,TASCO,0,0,0,0,13,0,19,,3,20,,8,0,0,6,0
15798,BOYACA,TENZA,0,0,0,0,0,0,0,,0,0,3,0,0,0,3,0
15804,BOYACA,TIBANA,0,34,0,0,0,0,0,,0,0,,3,0,0,3,0
15806,BOYACA,TIBASOSA,0,0,0,19,26,32,21,,5,5,,0,0,0,0,0
15808,BOYACA,TINJACA,0,0,0,0,0,0,0,,6,0,,0,1,0,0,0
15810,BOYACA,TIPACOQUE,0,0,0,0,0,0,0,,0,0,,0,0,0,0,0
15814,BOYACA,TOCA,0,36,49,0,0,0,0,,0,6,,3,4,0,4,0
15816,BOYACA,TOGsI,0,0,10,20,0,0,0,,7,4,8,40,0,0,0,0
15820,BOYACA,TOPAGA,0,0,0,0,0,0,0,,0,0,,0,0,3,0,0
15822,BOYACA,TOTA,0,0,0,0,0,0,0,,0,0,,0,0,0,0,0
15832,BOYACA,TUNUNGUA,0,0,0,0,0,0,0,,0,0,,8,0,0,7,0
15835,BOYACA,TURMEQUE,0,0,0,0,0,0,0,,1,0,,0,0,0,0,0
15837,BOYACA,TUTA,0,0,0,3,0,0,0,,0,0,10,5,0,0,0,0
15839,BOYACA,TUTAZA,0,0,0,0,3,0,0,,0,2,,8,2,0,0,0
15842,BOYACA,UMBITA,0,0,0,0,0,0,0,,0,0,,0,10,0,4,0
15861,BOYACA,VENTAQUEMADA,0,0,0,0,0,0,12,,11,,,8,0,0,0,0
15879,BOYACA,VIRACACHA,0,0,11,13,0,0,0,,0,0,,0,0,0,0,0
15897,BOYACA,ZETAQUIRA,0,0,0,0,7,0,35,11,0,23,19,1,0,0,2,0
17001,CALDAS,MANIZALES,1074,892,968,3073,987,895,1339,389,1141,1295,1021,185,308,91,146,18
17013,CALDAS,AGUADAS,15,46,0,37,38,127,54,18,82,41,9,61,2,44,18,4
17042,CALDAS,ANSERMA,0,0,276,81,19,54,55,80,200,163,95,119,26,71,86,15
17050,CALDAS,ARANZAZU,0,0,0,55,11,5,10,34,7,16,6,26,7,4,3,7
17088,CALDAS,BELALCAZAR,0,0,13,0,6,18,0,,9,18,16,44,17,0,23,12
17174,CALDAS,CHINCHINA,0,0,32,21,82,48,50,86,163,114,82,114,19,53,59,15
17272,CALDAS,FILADELFIA,0,48,0,0,2,0,0,,7,24,6,19,11,12,5,10
17380,CALDAS,LA DORADA,250,297,197,1440,106,104,50,18,140,149,69,238,106,105,103,52
17388,CALDAS,LA MERCED,0,0,0,10,3,5,0,,0,5,2,18,20,14,6,3
17433,CALDAS,MANZANARES,0,38,95,74,6,26,34,7,41,18,9,66,6,34,17,0
17442,CALDAS,MARMATO,25,0,0,0,0,7,0,,0,5,,12,15,20,25,2
17444,CALDAS,MARQUETALIA,0,0,15,3000,24,161,14,9,40,45,21,75,6,44,34,15
17446,CALDAS,MARULANDA,0,30,0,28,6,7,8,67,4,3,,12,0,0,10,0
17486,CALDAS,NEIRA,0,100,0,25,21,17,0,7,35,23,,44,0,8,24,11
17495,CALDAS,NORCASIA,50,0,0,360,0,8,5,22,23,2,16,41,37,32,15,0
17513,CALDAS,PACORA,0,0,0,12,8,0,37,,13,5,11,21,4,22,15,0
17524,CALDAS,PALESTINA,0,60,0,0,34,18,40,,29,39,30,25,1,18,47,2
17541,CALDAS,PENSILVANIA,45,39,11,1284,77,652,42,84,218,91,32,156,12,117,120,29
17614,CALDAS,RIOSUCIO,76,42,337,390,117,124,48,9,37,107,39,107,38,157,151,41
17616,CALDAS,RISARALDA,0,0,15,25,7,6,14,13,47,24,,41,44,11,41,4
17653,CALDAS,SALAMINA,90,65,0,20,9,2,33,13,4,,,67,3,16,21,9
17662,CALDAS,SAMANA,55,223,219,2923,4453,3626,7027,4076,792,134,43,402,41,128,100,21
17665,CALDAS,SAN JOSE,0,0,0,0,55,5,0,8,10,8,,12,1,25,5,1
17777,CALDAS,SUPIA,103,17,12,88,0,24,5,,11,22,50,47,17,53,22,33
17867,CALDAS,VICTORIA,0,0,0,59,5,0,0,,9,5,21,35,2,8,25,6
17873,CALDAS,VILLAMARIA,0,0,0,98,59,77,75,13,48,104,67,35,24,21,4,7
17877,CALDAS,VITERBO,0,0,0,31,12,17,18,,9,5,23,22,6,15,9,10
18001,CAQUETA,FLORENCIA,3340,1550,2575,9968,13046,11268,7026,3817,5812,6278,5021,1345,4780,1221,1252,448
18029,CAQUETA,ALBANIA,0,0,26,13,65,40,117,35,117,136,46,231,37,115,163,27
18094,CAQUETA,BELEN DE LOS ANDAQUIES,0,0,483,239,203,94,355,224,265,320,243,400,147,263,263,97
18150,CAQUETA,CARTAGENA DEL CHAIRA,123,0,0,35,0,3565,314,324,245,135,86,1607,1064,1599,1567,396
18205,CAQUETA,CURILLO,80,120,0,524,201,329,110,138,163,203,74,568,106,500,449,126
18247,CAQUETA,EL DONCELLO,215,583,183,333,16,89,112,97,55,224,241,719,535,578,497,149
18256,CAQUETA,EL PAUJIL,167,438,224,212,53,501,204,288,269,467,366,1050,803,425,464,103
18410,CAQUETA,LA MONTAÑITA,47,150,147,315,271,734,123,195,276,286,201,1689,368,873,887,350
18460,CAQUETA,MILAN,0,0,0,77,18,1893,70,79,92,171,52,881,78,710,989,248
18479,CAQUETA,MORELIA,28,108,68,13,7,183,49,165,80,120,116,111,168,107,105,25
18592,CAQUETA,PUERTO RICO,276,519,311,74,0,236,333,508,425,318,315,1738,461,1711,1242,354
18610,CAQUETA,SAN JOSE DEL FRAGUA,168,0,18,59,21,187,112,115,234,145,111,733,140,680,618,124
18753,CAQUETA,SAN VICENTE DEL CAGUAN,40,0,51,149,6,1735,333,494,315,692,362,2231,408,2058,2273,730
18756,CAQUETA,SOLANO,0,0,18,0,0,267,104,104,50,183,98,958,102,801,611,219
18785,CAQUETA,SOLITA,0,0,173,48,5,26,103,114,86,176,168,557,309,448,399,109
18860,CAQUETA,VALPARAISO,0,150,55,61,205,124,75,229,121,219,111,434,211,236,272,51
19001,CAUCA,POPAYAN,3120,1550,10835,8194,1690,2900,5480,1560,6273,8666,7712,2376,8214,422,311,107
19022,CAUCA,ALMAGUER,0,60,0,24,0,5,10,,10,7,2,230,2,400,473,135
19050,CAUCA,ARGELIA,70,0,0,0,84,8,0,,2005,36,290,1748,1280,2511,1694,516
19075,CAUCA,BALBOA,0,0,10,17,5,50,42,55,223,147,108,692,88,737,615,152
19100,CAUCA,BOLIVAR,70,40,69,41,221,25,42,19,66,71,26,882,57,1529,1391,404
19110,CAUCA,BUENOS AIRES,135,622,4630,4,6,32,51,57,19,45,32,253,45,157,565,94
19130,CAUCA,CAJIBIO,60,1020,1425,10,4,73,20,14,75,88,59,614,56,603,517,123
19137,CAUCA,CALDONO,737,45,70,0,0,12,15,,34,26,30,159,480,441,151,76
19142,CAUCA,CALOTO,136,310,1015,207,10,0,432,1500,32,288,75,2037,1658,1319,279,96
19212,CAUCA,CORINTO,0,0,15,36,18,91,97,14,36,163,92,471,115,642,410,137
19256,CAUCA,EL TAMBO,150,35,1205,53,38,330,94,67,106,367,233,2244,1014,1865,1595,803
19290,CAUCA,FLORENCIA,40,0,0,3,3,44,57,,40,85,21,67,48,95,141,53
19300,CAUCA,GUACHENE,,,,,,,,,,,,17,0,14,39,12
19318,CAUCA,GUAPI,0,0,12,1440,41,85,0,,1135,114,264,636,956,3491,3166,1320
19355,CAUCA,INZA,0,0,0,0,6,13,0,47,32,29,43,167,34,152,242,70
19364,CAUCA,JAMBALO,191,0,0,0,0,19,1200,,0,0,22,300,40,233,90,31
19392,CAUCA,LA SIERRA,220,0,0,3,204,0,0,,22,15,9,97,0,147,242,60
19397,CAUCA,LA VEGA,0,30,0,13,4,16,24,12,53,9,10,396,35,738,764,398
19418,CAUCA,LOPEZ,0,0,561,0,726,21,0,,233,1144,587,1214,106,1061,2061,199
19450,CAUCA,MERCADERES,0,42,432,169,118,195,171,52,455,271,132,940,260,428,317,129
19455,CAUCA,MIRANDA,95,0,330,28,20,0,0,,36,267,86,110,385,1611,640,38
19473,CAUCA,MORALES,0,0,60,38,2,26,40,,64,129,202,175,440,2269,719,448
19513,CAUCA,PADILLA,0,0,0,0,0,0,0,,11,8,,17,0,17,19,4
19517,CAUCA,PAEZ,0,0,0,5,12,55,109,1640,47,418,51,193,115,363,235,57
19532,CAUCA,PATIA,50,0,402,355,212,119,103,335,168,227,237,697,202,669,602,230
19533,CAUCA,PIAMONTE,0,0,0,0,0,106,12,748,72,273,161,425,72,506,340,128
19548,CAUCA,PIENDAMO,138,31,348,169,36,107,115,43,130,193,185,120,151,184,114,54
19573,CAUCA,PUERTO TEJADA,120,0,11,61,0,12,0,,16,87,58,175,77,146,145,41
19585,CAUCA,PURACE,0,0,0,0,7,2,0,,0,1,,79,9,52,58,13
19622,CAUCA,ROSAS,0,0,40,15,1,45,137,,156,135,78,209,52,183,139,51
19693,CAUCA,SAN SEBASTIAN,0,0,0,0,0,129,7,,13,,,97,9,200,209,113
19698,CAUCA,SANTANDER DE QUILICHAO,576,1115,5247,96,49,116,559,58,243,455,927,237,393,600,531,195
19701,CAUCA,SANTA ROSA,0,0,15,0,250,167,28,,23,6,7,153,0,198,269,76
19743,CAUCA,SILVIA,160,0,30,183,4,5,8130,,5,0,,164,4,265,209,66
19760,CAUCA,SOTARA,0,40,0,0,0,0,19,46,23,,8,30,3,159,141,31
19780,CAUCA,SUAREZ,60,831,4450,0,7,71,30,11,15,37,83,119,758,6231,4594,114
19785,CAUCA,SUCRE,0,0,0,0,0,0,15,,0,92,16,167,95,251,179,66
19807,CAUCA,TIMBIO,40,77,90,124,100,63,103,75,229,235,340,213,267,323,268,87
19809,CAUCA,TIMBIQUI,0,0,70,152,0,0,5,,42,1450,318,678,1920,1910,2005,222
19821,CAUCA,TORIBIO,70,0,20,1501,255,304,4487,47,0,687,165,450,50,1430,464,363
19824,CAUCA,TOTORO,0,0,0,0,12,9,0,,11,7,5,39,0,104,75,17
19845,CAUCA,VILLA RICA,0,0,0,0,5,24,9,,48,66,67,18,59,95,27,7
20001,CESAR,VALLEDUPAR,4632,1520,4624,11391,6635,4549,7282,4037,4295,6297,3012,3745,488,383,492,75
20011,CESAR,AGUACHICA,986,343,650,1436,672,459,535,235,346,353,373,481,395,158,287,63
20013,CESAR,AGUSTIN CODAZZI,544,293,2902,5191,440,1379,419,343,479,184,74,217,27,167,183,50
20032,CESAR,ASTREA,0,657,232,0,0,43,17,13,21,14,3,100,6,92,78,10
20045,CESAR,BECERRIL,50,477,504,792,198,83,165,30,75,53,87,13,39,27,35,9
20060,CESAR,BOSCONIA,180,441,686,1036,241,511,503,366,173,177,114,74,27,44,40,14
20175,CESAR,CHIMICHAGUA,0,0,245,0,4,43,20,,13,13,42,141,9,174,150,10
20178,CESAR,CHIRIGUANA,68,151,1364,116,163,54,90,30,20,227,42,78,38,42,58,55
20228,CESAR,CURUMANI,768,246,425,774,560,237,461,123,130,81,94,809,31,110,95,53
20238,CESAR,EL COPEY,235,334,493,864,1367,392,91,34,5,,,114,8,41,52,6
20250,CESAR,EL PASO,0,0,291,0,0,61,44,,52,,19,62,11,52,116,15
20295,CESAR,GAMARRA,92,326,102,7,16,25,54,62,18,33,,41,41,32,7,10
20310,CESAR,GONZALEZ,0,0,25,0,0,0,16,,29,14,17,5,7,27,14,9
20383,CESAR,LA GLORIA,54,150,207,342,9,78,36,,5,98,22,75,11,37,34,4
20400,CESAR,LA JAGUA DE IBIRICO,447,164,66,40,79,394,195,13,29,68,61,65,34,101,50,10
20443,CESAR,MANAURE,0,0,115,972,315,386,178,51,272,69,12,19,43,42,6,3
20517,CESAR,PAILITAS,170,0,75,1296,195,753,75,97,95,90,82,107,24,80,47,30
20550,CESAR,PELAYA,0,352,0,1190,157,819,80,29,68,778,105,98,38,60,35,17
20570,CESAR,PUEBLO BELLO,0,0,143,594,1253,531,0,36,79,76,34,27,16,41,20,10
20614,CESAR,RIO DE ORO,185,0,60,165,0,10,47,,118,33,60,70,10,33,23,4
20621,CESAR,LA PAZ,110,14,236,1126,16,106,61,148,230,379,169,61,938,140,95,55
20710,CESAR,SAN ALBERTO,625,550,140,15,0,25,13,,24,72,43,178,45,103,76,17
20750,CESAR,SAN DIEGO,236,187,4279,1927,121,126,336,24,56,107,61,45,22,247,52,9
20770,CESAR,SAN MARTIN,100,0,0,20,20,43,136,95,79,74,59,94,29,92,53,37
20787,CESAR,TAMALAMEQUE,0,0,44,250,32,12,15,52,31,43,,80,0,62,46,45
23001,CORDOBA,MONTERIA,5289,3546,2086,6833,910,1177,1253,2263,1726,2363,1905,1118,1921,818,641,158
23068,CORDOBA,AYAPEL,100,0,0,176,0,57,35,94,105,82,65,294,52,515,316,142
23079,CORDOBA,BUENAVISTA,80,0,0,89,45,75,49,91,64,61,80,600,31,188,125,26
23090,CORDOBA,CANALETE,0,0,0,0,0,8,23,109,0,74,16,47,17,138,102,20
23162,CORDOBA,CERETE,115,20,185,833,27,19,37,156,222,91,56,53,112,72,60,5
23168,CORDOBA,CHIMA,60,0,0,0,0,0,0,,0,,10,8,0,8,8,0
23182,CORDOBA,CHINU,0,0,348,62,0,5,26,86,60,72,44,62,45,28,36,5
23189,CORDOBA,CIENAGA DE ORO,0,0,23,0,0,35,16,70,46,54,13,53,46,34,43,10
23300,CORDOBA,COTORRA,0,0,15,89,0,12,42,14,5,21,39,9,56,6,13,1
23350,CORDOBA,LA APARTADA,870,0,0,1022,0,76,150,154,162,111,120,652,407,116,85,13
23417,CORDOBA,LORICA,515,0,60,0,0,98,82,53,48,76,38,383,36,207,182,30
23419,CORDOBA,LOS CORDOBAS,200,0,184,691,2,24,14,58,33,63,42,67,49,63,54,19
23464,CORDOBA,MOMIL,0,0,0,4,0,0,21,58,18,41,40,17,22,9,8,1
23466,CORDOBA,MONTELIBANO,2935,161,1225,2100,191,353,402,495,447,1568,615,2281,2104,1162,838,82
23500,CORDOBA,MOÑITOS,68,0,0,135,0,21,0,84,97,87,73,239,30,140,128,26
23555,CORDOBA,PLANETA RICA,130,0,185,178,106,8,132,451,270,186,176,837,592,487,264,52
23570,CORDOBA,PUEBLO NUEVO,0,0,0,94,15,0,88,112,146,65,50,193,109,98,129,54
23574,CORDOBA,PUERTO ESCONDIDO,95,0,20,449,0,0,13,76,66,66,49,120,8,121,159,29
23580,CORDOBA,PUERTO LIBERTADOR,3454,1727,505,320,172,82,861,1030,1001,4344,3390,1905,1972,1098,1732,250
23586,CORDOBA,PURISIMA,0,0,20,54,26,7,0,,0,0,5,16,3,17,16,1
23660,CORDOBA,SAHAGUN,350,0,15,516,0,99,85,63,64,182,166,74,113,58,72,11
23670,CORDOBA,SAN ANDRES SOTAVENTO,0,0,28,62,46,89,30,204,183,88,37,36,56,64,41,11
23672,CORDOBA,SAN ANTERO,0,0,0,20,0,0,20,17,0,4,,65,0,145,42,8
23675,CORDOBA,SAN BERNARDO DEL VIENTO,143,0,0,84,0,10,23,72,8,90,74,335,35,212,149,30
23678,CORDOBA,SAN CARLOS,0,0,0,0,0,6,14,73,19,68,22,39,4,30,53,17
23682,CORDOBA,SAN JOSE DE URE,,,,,,,,,,,52,145,0,172,154,35
23686,CORDOBA,SAN PELAYO,0,0,0,35,5,35,31,79,0,413,328,76,217,124,71,37
23807,CORDOBA,TIERRALTA,2670,3259,2015,3364,1047,366,149,320,758,2058,868,2024,2467,2328,2819,309
23815,CORDOBA,TUCHIN,,,,,,,,,,,,16,0,24,9,6
23855,CORDOBA,VALENCIA,3185,30,185,3383,90,549,567,496,838,551,263,317,57,300,423,104
25001,CUNDINAMARCA,AGUA DE DIOS,0,0,59,39,7,0,45,29,27,18,,13,0,2,4,0
25019,CUNDINAMARCA,ALBAN,0,0,0,50,15,13,34,17,34,,7,14,0,2,7,4
25035,CUNDINAMARCA,ANAPOIMA,0,0,41,60,9,21,45,66,37,82,50,9,10,13,18,1
25040,CUNDINAMARCA,ANOLAIMA,0,0,0,18,2,24,47,56,22,20,,0,16,1,10,0
25053,CUNDINAMARCA,ARBELAEZ,115,0,0,0,0,0,45,83,23,30,37,78,4,15,14,7
25086,CUNDINAMARCA,BELTRAN,0,0,30,5,0,31,19,7,12,0,,5,0,3,14,0
25095,CUNDINAMARCA,BITUIMA,0,0,0,0,0,15,0,,0,24,,9,2,0,0,0
25099,CUNDINAMARCA,BOJACA,0,0,10,8,8,24,0,,10,7,,4,6,6,0,0
25120,CUNDINAMARCA,CABRERA,102,0,0,0,0,43,17,77,25,49,76,84,13,34,26,14
25123,CUNDINAMARCA,CACHIPAY,0,0,20,43,36,0,15,,13,16,9,19,4,3,0,0
25126,CUNDINAMARCA,CAJICA,0,0,18,68,33,20,77,47,27,53,50,5,13,0,6,0
25148,CUNDINAMARCA,CAPARRAPI,0,485,314,56,24,5,28,74,42,31,9,85,22,39,12,8
25151,CUNDINAMARCA,CAQUEZA,112,135,0,0,2,8,49,40,11,16,,14,0,8,0,0
25154,CUNDINAMARCA,CARMEN DE CARUPA,0,0,0,0,0,0,19,,5,,,4,0,0,0,0
25168,CUNDINAMARCA,CHAGUANI,50,0,0,1,7,0,8,11,3,14,,10,0,16,13,5
25175,CUNDINAMARCA,CHIA,0,0,67,98,69,214,200,227,299,267,180,14,73,0,1,0
25178,CUNDINAMARCA,CHIPAQUE,0,0,28,1,2,13,7,,0,10,,4,3,5,3,0
25181,CUNDINAMARCA,CHOACHI,30,0,0,0,0,8,14,,0,36,,8,12,0,0,0
25183,CUNDINAMARCA,CHOCONTA,0,0,13,9,17,37,42,17,26,10,8,4,15,0,1,0
25200,CUNDINAMARCA,COGUA,0,0,0,15,6,7,43,63,8,9,16,0,12,0,0,0
25214,CUNDINAMARCA,COTA,0,0,26,18,14,16,47,66,40,38,20,0,25,3,0,0
25224,CUNDINAMARCA,CUCUNUBA,0,0,0,0,0,0,12,,10,0,,0,0,0,0,5
25245,CUNDINAMARCA,EL COLEGIO,0,0,28,36,16,39,34,58,24,40,23,53,27,22,17,0
25258,CUNDINAMARCA,EL PEÑON,0,0,0,0,6,15,5,,0,1,,35,0,6,6,0
25260,CUNDINAMARCA,EL ROSAL,0,0,0,14,17,7,10,59,36,81,62,0,24,0,0,0
25269,CUNDINAMARCA,FACATATIVA,115,0,265,530,265,290,357,203,443,315,215,19,115,15,17,4
25279,CUNDINAMARCA,FOMEQUE,56,75,35,19,0,11,5,,6,11,4,10,3,8,14,0
25281,CUNDINAMARCA,FOSCA,0,0,0,0,0,0,0,,0,0,,0,0,4,0,0
25286,CUNDINAMARCA,FUNZA,60,0,98,147,64,48,169,173,127,160,158,18,80,10,17,0
25288,CUNDINAMARCA,FUQUENE,0,0,14,0,0,0,0,,0,0,,0,0,0,2,0
25290,CUNDINAMARCA,FUSAGASUGA,170,0,486,277,338,297,507,389,714,797,1332,905,708,41,52,6
25293,CUNDINAMARCA,GACHALA,43,60,0,0,10,10,6,24,1,0,,8,0,4,1,1
25295,CUNDINAMARCA,GACHANCIPA,0,0,0,19,20,8,10,50,27,20,28,0,20,7,0,0
25297,CUNDINAMARCA,GACHETA,0,0,0,0,6,8,0,,0,14,5,31,7,8,3,2
25299,CUNDINAMARCA,GAMA,0,0,0,0,0,5,0,,0,0,,0,0,4,4,0
25307,CUNDINAMARCA,GIRARDOT,367,0,189,442,72,51,120,121,264,84,83,50,56,37,19,12
25312,CUNDINAMARCA,GRANADA,0,0,0,20,5,22,84,28,19,12,13,0,0,1,0,0
25317,CUNDINAMARCA,GUACHETA,0,0,0,0,0,0,7,20,14,21,17,3,54,0,0,0
25320,CUNDINAMARCA,GUADUAS,20,0,156,122,19,30,42,107,169,71,26,45,10,9,26,7
25322,CUNDINAMARCA,GUASCA,0,0,0,0,11,17,46,75,36,39,37,0,10,0,0,6
25324,CUNDINAMARCA,GUATAQUI,0,0,0,0,0,0,6,,0,1,2,4,0,0,0,5
25326,CUNDINAMARCA,GUATAVITA,0,0,0,0,0,0,0,,0,,,0,0,0,0,0
25328,CUNDINAMARCA,GUAYABAL DE SIQUIMA,0,0,0,0,0,0,12,77,4,8,,22,1,0,0,0
25335,CUNDINAMARCA,GUAYABETAL,0,153,40,27,0,8,0,,0,10,10,9,18,6,0,0
25339,CUNDINAMARCA,GUTIERREZ,0,0,90,59,0,0,15,6,0,2,14,19,26,16,8,5
25368,CUNDINAMARCA,JERUSALEN,0,0,0,0,0,0,0,,0,0,,30,0,7,3,2
25372,CUNDINAMARCA,JUNIN,0,0,0,0,0,0,13,,0,0,,16,0,15,0,0
25377,CUNDINAMARCA,LA CALERA,49,0,0,21,13,0,35,,23,,13,10,3,3,9,0
25386,CUNDINAMARCA,LA MESA,105,0,23,66,24,22,82,83,64,154,74,14,37,15,7,7
25394,CUNDINAMARCA,LA PALMA,183,1680,1048,2979,121,100,5,48,4,12,6,72,2,32,28,29
25398,CUNDINAMARCA,LA PEÑA,0,86,0,0,3,1,5,,1,10,,36,0,3,10,4
25402,CUNDINAMARCA,LA VEGA,0,0,59,54,19,5,48,56,32,22,26,18,11,7,0,0
25407,CUNDINAMARCA,LENGUAZAQUE,0,0,0,0,0,0,0,,0,0,7,0,2,4,3,0
25426,CUNDINAMARCA,MACHETA,0,48,0,0,0,0,7,19,0,0,,0,0,0,0,0
25430,CUNDINAMARCA,MADRID,125,0,189,127,96,54,118,82,99,129,130,17,82,0,5,0
25436,CUNDINAMARCA,MANTA,0,20,0,7,4,1,5,,0,1,1,0,0,0,0,0
25438,CUNDINAMARCA,MEDINA,0,0,0,56,77,13,127,79,37,58,27,124,83,22,19,9
25473,CUNDINAMARCA,MOSQUERA,30,0,221,167,139,85,137,152,200,118,65,17,40,17,0,6
25483,CUNDINAMARCA,NARIÑO,0,0,0,0,0,0,0,,0,0,,0,0,4,3,0
25486,CUNDINAMARCA,NEMOCON,0,0,0,37,0,16,33,8,19,32,12,13,4,6,0,0
25488,CUNDINAMARCA,NILO,0,0,0,0,0,0,14,,30,20,34,9,26,5,8,0
25489,CUNDINAMARCA,NIMAIMA,0,0,0,27,6,6,10,,11,0,,4,0,0,0,0
25491,CUNDINAMARCA,NOCAIMA,0,0,0,52,0,23,19,24,32,2,5,6,0,6,2,0
25506,CUNDINAMARCA,VENECIA,40,0,0,0,9,0,13,23,6,18,32,96,9,36,43,10
25513,CUNDINAMARCA,PACHO,0,245,17,42,87,30,75,35,30,26,41,70,34,24,8,4
25518,CUNDINAMARCA,PAIME,0,0,0,0,2,0,16,79,0,6,3,59,0,0,0,1
25524,CUNDINAMARCA,PANDI,0,0,11,17,14,0,16,34,15,5,11,40,10,18,27,0
25530,CUNDINAMARCA,PARATEBUENO,0,0,0,0,0,14,46,59,49,79,19,40,24,38,8,0
25535,CUNDINAMARCA,PASCA,51,0,0,0,0,18,36,52,0,5,16,36,0,13,22,14
25572,CUNDINAMARCA,PUERTO SALGAR,0,123,104,79,29,9,52,83,39,46,36,63,6,10,11,0
25580,CUNDINAMARCA,PULI,0,0,0,0,0,10,31,11,5,11,,28,3,14,0,2
25592,CUNDINAMARCA,QUEBRADANEGRA,0,528,149,4,0,0,13,,0,0,,10,2,0,0,0
25594,CUNDINAMARCA,QUETAME,0,0,0,0,3,0,0,,39,,,0,6,0,4,0
25596,CUNDINAMARCA,QUIPILE,0,70,0,8,5,10,18,,9,,,61,11,16,13,0
25599,CUNDINAMARCA,APULO,20,0,0,0,0,0,0,,20,30,13,31,13,0,0,0
25612,CUNDINAMARCA,RICAURTE,0,0,17,4,0,0,0,62,14,6,16,3,1,4,0,0
25645,CUNDINAMARCA,SAN ANTONIO DEL TEQUENDAMA,0,0,0,4,256,12,28,38,6,12,9,6,0,0,11,0
25649,CUNDINAMARCA,SAN BERNARDO,10,0,0,16,0,0,13,,15,16,14,58,1,10,13,9
25653,CUNDINAMARCA,SAN CAYETANO,0,0,0,0,0,0,0,,3,0,,5,0,8,0,0
25658,CUNDINAMARCA,SAN FRANCISCO,0,0,40,103,37,477,70,78,39,19,21,14,8,0,0,0
25662,CUNDINAMARCA,SAN JUAN DE RIO SECO,0,0,30,3,9,40,22,9,4,37,5,39,17,15,19,6
25718,CUNDINAMARCA,SASAIMA,0,0,32,104,109,8,44,118,192,19,,4,0,0,0,3
25736,CUNDINAMARCA,SESQUILE,0,0,0,14,4,0,9,5,0,10,6,12,7,0,0,0
25740,CUNDINAMARCA,SIBATE,0,0,13,47,11,0,49,5,33,106,108,9,39,10,19,0
25743,CUNDINAMARCA,SILVANIA,0,0,0,35,384,77,64,64,55,105,111,80,32,38,0,4
25745,CUNDINAMARCA,SIMIJACA,0,0,10,0,0,0,0,,9,4,,0,8,0,0,0
25754,CUNDINAMARCA,SOACHA,2083,845,1030,2861,1286,4166,3325,3916,4009,4671,4467,2132,2391,334,210,127
25758,CUNDINAMARCA,SOPO,0,0,0,52,13,0,33,,2,1,,0,0,6,0,0
25769,CUNDINAMARCA,SUBACHOQUE,0,0,0,0,10,0,0,,5,,9,6,3,0,4,0
25772,CUNDINAMARCA,SUESCA,0,0,0,0,0,14,27,11,2,8,7,3,9,0,0,0
25777,CUNDINAMARCA,SUPATA,0,0,0,0,0,24,14,,0,4,,1,4,0,0,0
25779,CUNDINAMARCA,SUSA,0,0,0,0,0,0,0,,0,0,,0,0,0,3,0
25781,CUNDINAMARCA,SUTATAUSA,0,0,0,2,0,0,0,,11,16,,0,9,0,0,0
25785,CUNDINAMARCA,TABIO,0,0,32,3,18,15,54,9,18,17,20,0,11,0,0,0
25793,CUNDINAMARCA,TAUSA,0,0,0,0,0,0,0,,0,0,,4,0,0,0,0
25797,CUNDINAMARCA,TENA,0,0,12,6,12,11,21,,15,15,6,8,4,0,0,0
25799,CUNDINAMARCA,TENJO,0,0,11,77,33,27,48,89,13,29,30,1,17,5,0,0
25805,CUNDINAMARCA,TIBACUY,0,0,0,0,3,6,7,,14,0,2,22,11,17,5,0
25807,CUNDINAMARCA,TIBIRITA,0,0,0,0,0,0,0,19,7,0,,0,0,0,3,0
25815,CUNDINAMARCA,TOCAIMA,0,0,0,0,8,5,5,15,18,12,13,19,20,7,2,0
25817,CUNDINAMARCA,TOCANCIPA,0,0,15,25,12,45,39,59,38,77,38,23,44,0,3,0
25823,CUNDINAMARCA,TOPAIPI,0,200,0,0,0,0,0,81,6,21,,49,8,12,6,4
25839,CUNDINAMARCA,UBALA,74,0,0,0,0,0,23,,0,,2,12,11,20,22,3
25841,CUNDINAMARCA,UBAQUE,0,0,0,0,5,7,10,,4,4,,5,0,0,0,0
25843,CUNDINAMARCA,VILLA DE SAN DIEGO DE UBATE,0,0,0,25,0,0,26,57,5,33,21,5,32,0,6,4
25845,CUNDINAMARCA,UNE,0,0,0,33,0,0,7,15,25,0,9,9,3,3,3,4
25851,CUNDINAMARCA,UTICA,0,65,62,212,6,0,17,51,9,15,,4,0,1,10,0
25862,CUNDINAMARCA,VERGARA,0,0,0,30,6,20,78,59,32,39,13,36,13,9,0,7
25867,CUNDINAMARCA,VIANI,0,0,0,0,0,0,0,,6,8,7,12,0,4,6,0
25871,CUNDINAMARCA,VILLAGOMEZ,0,0,0,8,11,0,0,,0,,,0,0,0,1,4
25873,CUNDINAMARCA,VILLAPINZON,0,0,0,0,335,0,0,,5,0,,10,0,0,7,0
25875,CUNDINAMARCA,VILLETA,0,0,62,46,26,19,25,30,23,,15,26,9,25,4,0
25878,CUNDINAMARCA,VIOTA,125,0,0,13,8856,45,47,20,97,67,62,91,22,31,51,27
25885,CUNDINAMARCA,YACOPI,158,540,265,31,0,19,15,116,149,11,4,158,0,31,47,19
25898,CUNDINAMARCA,ZIPACON,0,0,15,0,0,0,0,16,2,,14,0,2,0,0,0
25899,CUNDINAMARCA,ZIPAQUIRA,0,0,84,97,128,85,156,82,178,96,48,8,29,6,9,0
27001,CHOCO,QUIBDO,2490,7054,5390,12201,2419,1494,3115,1572,1916,2055,3456,981,3344,1813,2341,553
27006,CHOCO,ACANDI,460,0,350,0,0,5,5,25,0,4,29,72,463,317,84,54
27025,CHOCO,ALTO BAUDO,0,0,0,0,91,140,0,13,0,514,1264,323,1,275,511,2920
27050,CHOCO,ATRATO,210,0,20,8,0,0,0,,0,9,,40,2,424,88,76
27073,CHOCO,BAGADO,78,0,25,0,0,31,0,13,4,10,,147,17,4938,544,47
27075,CHOCO,BAHIA SOLANO,4500,560,135,25,0,0,0,,3,273,9,75,16,140,48,17
27077,CHOCO,BAJO BAUDO,0,0,0,0,0,13,980,465,11,351,1321,1784,1357,2651,1221,262
27086,CHOCO,BELEN DE BAJIRA,0,0,0,0,0,38,0,11,0,0,,6,0,40,0,0
27099,CHOCO,BOJAYA,154,41,0,0,399,245,3300,122,0,,62,132,0,98,556,31
27135,CHOCO,EL CANTON DEL SAN PABLO,162,0,0,0,0,0,0,,11,1,,50,15,29,40,18
27150,CHOCO,CARMEN DEL DARIEN,0,0,0,360,0,17,11,25,2096,,22,25,4,136,73,15
27160,CHOCO,CERTEGUI,0,0,0,0,0,0,0,,0,4,,9,3,6,15,12
27205,CHOCO,CONDOTO,0,0,30,404,401,458,216,31,537,27,114,172,19,114,125,48
27245,CHOCO,EL CARMEN DE ATRATO,730,70,293,88,5,513,5,62,47,20,10,56,50,383,265,36
27250,CHOCO,EL LITORAL DEL SAN JUAN,0,0,0,0,0,0,0,9,290,112,80,830,7,971,2148,274
27361,CHOCO,ISTMINA,0,600,266,45,0,1040,76,998,617,1611,162,809,160,464,658,293
27372,CHOCO,JURADO,207,60,0,0,0,0,13,,0,,5,5,3,21,23,4
27413,CHOCO,LLORO,0,0,34,981,829,1,0,56,8,12,,123,120,405,270,163
27425,CHOCO,MEDIO ATRATO,0,0,0,0,0,432,192,11,0,45,,160,276,745,135,65
27430,CHOCO,MEDIO BAUDO,0,0,0,0,0,0,0,87,15,210,243,631,199,963,444,132
27450,CHOCO,MEDIO SAN JUAN,0,0,0,0,0,520,23,,78,65,34,141,13,610,225,50
27491,CHOCO,NOVITA,0,0,25,0,0,0,36,35,106,28,15,79,0,145,241,39
27495,CHOCO,NUQUI,0,227,48,20,0,0,0,12,0,0,,127,19,98,273,62
27580,CHOCO,RIO IRO,0,0,0,0,0,0,0,,0,58,125,12,101,22,70,27
27600,CHOCO,RIO QUITO,0,0,0,418,0,0,0,,0,0,,41,15,44,79,36
27615,CHOCO,RIOSUCIO,480,92,435,382,548,28,35,813,17,17,,221,160,438,1612,248
27660,CHOCO,SAN JOSE DEL PALMAR,0,0,0,64,30,226,1276,74,59,54,41,206,37,229,232,52
27745,CHOCO,SIPI,0,0,0,0,0,0,0,341,969,0,,50,0,45,738,26
27787,CHOCO,TADO,96,47,30,90,450,70,0,6,5,21,25,278,15,1061,390,46
27800,CHOCO,UNGUIA,312,72,255,0,0,19,5,878,12,41,371,149,172,237,156,29
27810,CHOCO,UNION PANAMERICANA,0,0,0,0,0,0,0,5,28,65,5,27,10,20,16,3
41001,HUILA,NEIVA,2173,5340,1938,5927,1709,2939,3263,3025,4536,5165,3683,949,2449,716,662,199
41006,HUILA,ACEVEDO,40,497,105,82,61,88,113,173,285,307,193,449,139,340,415,145
41013,HUILA,AGRADO,0,0,0,0,0,0,0,49,37,42,34,22,22,7,11,9
41016,HUILA,AIPE,0,0,161,180,31,48,74,116,61,133,105,291,78,164,122,14
41020,HUILA,ALGECIRAS,271,0,58,54,7,151,31,62,57,44,21,719,27,740,535,173
41026,HUILA,ALTAMIRA,0,0,12,8,14,38,12,7,15,32,9,16,0,3,7,2
41078,HUILA,BARAYA,28,0,203,145,422,61,44,104,79,58,320,173,143,177,187,26
41132,HUILA,CAMPOALEGRE,126,159,144,213,93,195,141,209,219,415,310,281,275,144,168,50
41206,HUILA,COLOMBIA,0,0,190,146,528,7,6,5,244,389,260,246,108,263,222,40
41244,HUILA,ELIAS,0,0,0,13,0,0,18,53,0,44,,25,2,16,4,10
41298,HUILA,GARZON,185,637,558,418,199,243,385,972,739,1239,622,553,435,415,479,103
41306,HUILA,GIGANTE,55,202,0,25,35,217,94,167,76,264,130,265,148,251,210,65
41319,HUILA,GUADALUPE,0,0,130,163,55,79,51,254,123,236,95,187,114,147,198,88
41349,HUILA,HOBO,0,204,143,37,14,59,29,57,55,53,13,92,82,34,46,6
41357,HUILA,IQUIRA,50,0,0,39,29,21,22,68,11,19,36,164,74,154,117,37
41359,HUILA,ISNOS,0,0,277,35,10,25,41,151,112,113,87,400,196,246,314,163
41378,HUILA,LA ARGENTINA,0,0,50,56,25,43,86,116,88,177,117,123,80,107,135,69
41396,HUILA,LA PLATA,233,163,539,250,98,122,158,195,222,259,276,328,144,323,487,128
41483,HUILA,NATAGA,0,0,0,0,2,42,35,17,62,11,,45,4,47,92,11
41503,HUILA,OPORAPA,0,110,10,27,17,95,44,84,78,122,51,98,71,109,70,17
41518,HUILA,PAICOL,0,0,0,27,4,5,15,30,27,30,12,17,38,15,16,0
41524,HUILA,PALERMO,40,0,179,86,66,27,57,82,57,90,88,131,68,117,109,23
41530,HUILA,PALESTINA,0,442,0,63,52,65,104,99,111,78,54,70,47,42,67,21
41548,HUILA,PITAL,0,0,0,43,9,30,84,80,15,76,28,57,18,46,47,29
41551,HUILA,PITALITO,451,1300,469,962,336,464,742,1506,1022,1308,1515,791,1277,409,490,225
41615,HUILA,RIVERA,78,0,145,65,15,66,108,98,162,178,141,106,53,96,73,15
41660,HUILA,SALADOBLANCO,30,0,0,24,5,26,81,113,112,152,60,115,53,98,175,48
41668,HUILA,SAN AGUSTIN,30,420,108,146,34,94,68,130,223,213,183,500,183,356,343,136
41676,HUILA,SANTA MARIA,0,0,0,0,8,1,66,142,102,95,58,102,36,117,164,33
41770,HUILA,SUAZA,0,0,58,60,8,43,115,167,162,363,275,136,185,99,142,66
41791,HUILA,TARQUI,0,0,15,0,13,32,31,47,44,57,24,144,93,161,459,155
41797,HUILA,TESALIA,0,0,30,70,11,13,46,61,44,46,58,22,26,32,85,18
41799,HUILA,TELLO,0,91,0,34,2,38,0,26,42,54,48,177,17,245,242,46
41801,HUILA,TERUEL,0,0,25,95,0,0,7,6,0,32,11,65,55,71,49,19
41807,HUILA,TIMANA,0,0,20,0,3,61,64,244,191,114,95,168,53,60,86,37
41872,HUILA,VILLAVIEJA,0,0,19,30,15,14,35,167,35,25,18,47,36,46,28,15
41885,HUILA,YAGUARA,0,0,15,24,0,22,0,19,49,34,31,17,18,0,12,0
44001,LA GUAJIRA,RIOHACHA,1050,1620,985,2767,1298,2723,2002,1618,2485,3744,2694,799,1574,547,788,75
44035,LA GUAJIRA,ALBANIA,0,0,0,0,0,0,233,65,63,75,42,151,39,90,32,4
44078,LA GUAJIRA,BARRANCAS,0,0,37,28,696,119,100,110,126,76,53,53,41,109,95,18
44090,LA GUAJIRA,DIBULLA,0,115,50,151,161,710,473,794,782,549,396,806,194,483,337,62
44098,LA GUAJIRA,DISTRACCION,0,210,72,0,0,0,26,590,181,14,16,8,11,12,0,4
44110,LA GUAJIRA,EL MOLINO,0,0,26,52,14,21,31,,21,25,30,18,27,5,26,0
44279,LA GUAJIRA,FONSECA,191,376,292,240,165,103,87,75,149,66,154,47,195,616,226,6
44378,LA GUAJIRA,HATONUEVO,0,0,0,0,10,23,29,56,57,105,84,10,37,21,28,5
44420,LA GUAJIRA,LA JAGUA DEL PILAR,0,0,0,0,0,19,31,53,57,5,,3,0,11,8,0
44430,LA GUAJIRA,MAICAO,75,0,204,283,182,992,149,246,202,361,297,321,336,808,392,95
44560,LA GUAJIRA,MANAURE,0,0,0,0,11,0,0,173,90,13,,4,28,16,18,0
44650,LA GUAJIRA,SAN JUAN DEL CESAR,350,457,370,1429,1239,4511,153,848,152,237,323,30,249,93,52,9
44847,LA GUAJIRA,URIBIA,0,0,0,0,0,791,0,108,0,7,8,5,12,22,4,1
44855,LA GUAJIRA,URUMITA,150,160,27,121,43,32,26,270,315,64,28,30,32,33,55,2
44874,LA GUAJIRA,VILLANUEVA,115,170,181,113,327,62,0,23,20,14,148,16,3,10,32,7
47001,MAGDALENA,SANTA MARTA,3790,10717,6973,31817,7105,7139,9416,1344,9622,26390,7450,790,871,1635,1350,217
47030,MAGDALENA,ALGARROBO,0,0,1186,0,495,47,59,,8,9,5,34,0,34,37,16
47053,MAGDALENA,ARACATACA,265,100,326,71,247,480,211,,167,103,47,45,13,66,202,76
47058,MAGDALENA,ARIGUANI,481,134,14,15,4,8,0,,13,19,12,112,6,45,80,7
47161,MAGDALENA,CERRO SAN ANTONIO,0,0,0,0,0,14,0,,0,,,23,0,14,1,0
47170,MAGDALENA,CHIBOLO,132,132,0,14,0,40,0,,13,0,,88,0,25,21,3
47189,MAGDALENA,CIENAGA,868,1498,1037,5107,229,519,382,,279,276,133,799,121,317,276,119
47205,MAGDALENA,CONCORDIA,0,0,0,0,0,8,13,,0,0,,17,0,4,12,10
47245,MAGDALENA,EL BANCO,577,4288,2138,142,28,51,84,30,38,16,9,273,17,145,175,65
47258,MAGDALENA,EL PIÑON,390,100,0,0,0,44,44,,0,0,,30,6,27,101,14
47268,MAGDALENA,EL RETEN,50,292,25,0,0,15,94,,0,35,43,58,0,26,152,90
47288,MAGDALENA,FUNDACION,1959,4244,2573,254,268,505,261,64,14,81,37,141,16,145,205,61
47318,MAGDALENA,GUAMAL,95,0,706,0,0,8,25,,3,0,,107,0,49,29,12
47460,MAGDALENA,NUEVA GRANADA,0,0,0,0,0,22,24,,0,3,,35,0,35,2,4
47541,MAGDALENA,PEDRAZA,0,0,0,0,0,28,0,,0,0,,23,0,11,3,19
47545,MAGDALENA,PIJIÑO DEL CARMEN,0,0,0,0,0,0,0,,0,,,18,0,11,21,0
47551,MAGDALENA,PIVIJAY,265,3720,240,0,0,328,33,,0,,,80,1,25,58,65
47555,MAGDALENA,PLATO,620,647,31,0,154,110,150,132,197,58,15,420,37,91,100,23
47570,MAGDALENA,PUEBLOVIEJO,0,750,35,49,49,0,23,,0,,,58,1,133,58,24
47605,MAGDALENA,REMOLINO,0,6295,691,0,0,14,0,,0,0,,8,0,9,6,0
47660,MAGDALENA,SABANAS DE SAN ANGEL,0,0,0,0,0,26,0,,504,0,,61,9,21,23,4
47675,MAGDALENA,SALAMINA,0,200,0,0,0,5,35,,0,0,,5,0,2,1,0
47692,MAGDALENA,SAN SEBASTIAN DE BUENAVISTA,0,0,0,0,0,28,0,,15,12,,10,4,33,10,7
47703,MAGDALENA,SAN ZENON,30,0,0,0,0,0,0,,0,0,,27,0,31,9,0
47707,MAGDALENA,SANTA ANA,18,0,0,0,0,36,40,,14,24,,58,6,15,18,3
47720,MAGDALENA,SANTA BARBARA DE PINTO,0,0,0,0,0,0,0,,15,26,,13,0,0,0,9
47745,MAGDALENA,SITIONUEVO,0,1645,221,38,0,41,73,133,4,39,,131,0,85,27,15
47798,MAGDALENA,TENERIFE,78,242,0,0,3,15,0,,43,6,6,67,0,47,16,16
47960,MAGDALENA,ZAPAYAN,0,0,0,0,0,0,0,,0,0,,5,0,30,1,0
47980,MAGDALENA,ZONA BANANERA,0,0,0,0,132,163,67,,264,159,64,231,9,226,175,88
50001,META,VILLAVICENCIO,6360,1080,3540,4650,3484,6451,8516,4162,7427,10841,4915,1271,2726,365,374,112
50006,META,ACACIAS,0,52,182,461,137,287,398,332,700,498,517,186,404,126,106,24
50110,META,BARRANCA DE UPIA,0,0,20,0,7,0,26,54,48,113,75,14,16,58,11,1
50124,META,CABUYARO,0,0,0,0,0,0,15,49,17,18,14,19,28,6,2,0
50150,META,CASTILLA LA NUEVA,0,0,0,24,0,34,51,54,56,63,60,26,38,22,12,1
50223,META,CUBARRAL,54,0,0,53,89,282,92,,55,35,39,43,8,22,28,0
50226,META,CUMARAL,71,51,106,59,62,63,116,32,142,165,90,50,100,22,28,20
50245,META,EL CALVARIO,0,0,0,0,0,7,0,43,0,9,,5,0,7,7,2
50251,META,EL CASTILLO,105,316,85,0,900,340,311,78,125,136,118,215,29,57,84,9
50270,META,EL DORADO,250,35,0,0,212,267,213,48,19,7,5,28,39,14,12,2
50287,META,FUENTE DE ORO,0,355,449,0,31,0,116,45,113,115,52,62,37,70,36,4
50313,META,GRANADA,595,348,732,166,212,237,575,693,809,1259,1788,317,670,233,309,55
50318,META,GUAMAL,40,0,353,0,0,57,61,,12,49,39,72,9,20,25,5
50325,META,MAPIRIPAN,0,0,0,3769,712,250,247,,20,667,52,769,55,395,346,71
50330,META,MESETAS,20,32,0,11,11,79,130,48,39,121,38,345,47,268,186,51
50350,META,LA MACARENA,0,0,0,20,54,270,170,85,238,113,51,423,36,342,351,88
50370,META,URIBE,22,0,0,11,1524,15,50,,0,31,10,384,20,322,359,85
50400,META,LEJANIAS,0,40,0,0,125,402,134,76,181,224,128,256,35,181,300,60
50450,META,PUERTO CONCORDIA,0,0,124,115,82,171,272,117,109,193,123,281,21,422,175,45
50568,META,PUERTO GAITAN,60,0,17,9,0,48,80,535,235,110,75,283,87,285,191,51
50573,META,PUERTO LOPEZ,60,89,32,92,122,558,120,58,70,384,314,169,130,168,131,76
50577,META,PUERTO LLERAS,495,419,588,24,49,69,92,401,146,40,33,343,27,127,173,25
50590,META,PUERTO RICO,358,300,346,16,78,316,1576,200,415,186,123,826,136,433,357,64
50606,META,RESTREPO,0,0,21,63,49,74,0,53,89,39,27,23,75,23,11,2
50680,META,SAN CARLOS DE GUAROA,0,0,0,0,0,0,60,47,40,25,92,37,19,35,43,22
50683,META,SAN JUAN DE ARAMA,420,320,255,37,275,512,496,546,229,161,231,309,100,96,115,40
50686,META,SAN JUANITO,0,0,0,102,0,14,31,,2,0,,14,4,10,27,0
50689,META,SAN MARTIN,156,0,98,81,70,142,350,63,317,240,186,175,106,132,65,23
50711,META,VISTAHERMOSA,30,0,0,131,189,600,1725,1275,514,528,426,1470,323,619,437,155
52001,NARIÑO,PASTO,2369,2750,8129,7601,2697,3393,5666,5995,5098,5082,4987,2456,3368,440,328,89
52019,NARIÑO,ALBAN,0,0,25,0,43,30,35,,13,36,15,87,36,67,127,51
52022,NARIÑO,ALDANA,0,0,0,10,8,0,0,,0,12,4,0,8,3,6,0
52036,NARIÑO,ANCUYA,45,0,0,0,21,32,15,54,28,44,24,16,50,38,9,10
52051,NARIÑO,ARBOLEDA,0,0,13,0,26,11,21,7,55,51,68,14,26,29,22,19
52079,NARIÑO,BARBACOAS,185,0,150,326,788,719,1683,646,721,2708,584,2313,859,1302,860,372
52083,NARIÑO,BELEN,0,0,10,0,0,0,0,,4,6,,45,16,60,82,29
52110,NARIÑO,BUESACO,0,51,30,50,36,55,159,11,66,68,97,142,99,139,80,28
52203,NARIÑO,COLON,0,0,0,0,0,8,0,,15,5,,102,21,192,214,85
52207,NARIÑO,CONSACA,0,0,61,132,103,42,20,6,49,188,124,28,86,53,31,17
52210,NARIÑO,CONTADERO,0,0,39,55,5,7,0,,0,1,,3,0,11,1,4
52215,NARIÑO,CORDOBA,10,52,386,450,105,64,73,28,74,830,280,41,108,41,32,27
52224,NARIÑO,CUASPUD,0,0,0,0,0,41,0,,0,2,,16,6,13,15,1
52227,NARIÑO,CUMBAL,0,0,0,29,60,219,17,49,321,174,94,23,32,59,76,13
52233,NARIÑO,CUMBITARA,50,0,12,15,80,137,62,194,1044,279,58,789,500,522,374,218
52240,NARIÑO,CHACHAGsI,0,60,27,55,54,8,71,7,67,83,80,23,37,20,36,18
52250,NARIÑO,EL CHARCO,67,0,0,0,0,855,1270,49,12746,93,4714,2007,601,778,682,159
52254,NARIÑO,EL PEÑOL,0,0,29,0,0,0,0,,29,159,31,81,75,67,49,34
52256,NARIÑO,EL ROSARIO,47,0,12,13,107,0,29,,74,92,111,729,1462,446,458,105
52258,NARIÑO,EL TABLON DE GOMEZ,0,79,10,0,476,17,20,,8,37,29,127,100,320,191,71
52260,NARIÑO,EL TAMBO,0,0,0,0,9,72,19,17,77,115,34,94,83,100,78,42
52287,NARIÑO,FUNES,0,20,0,0,0,8,0,,4,20,6,32,19,4,17,2
52317,NARIÑO,GUACHUCAL,0,0,0,0,0,5,30,,2,7,,36,3,28,32,6
52320,NARIÑO,GUAITARILLA,0,0,13,0,9,0,0,13,0,17,6,16,20,40,30,3
52323,NARIÑO,GUALMATAN,0,0,0,0,0,0,0,,0,3,,8,0,0,0,0
52352,NARIÑO,ILES,0,0,0,0,21,0,21,,59,41,19,12,15,10,3,1
52354,NARIÑO,IMUES,0,0,19,8,2,0,0,,0,25,9,4,12,3,14,2
52356,NARIÑO,IPIALES,465,770,663,266,98,577,621,124,545,1260,631,200,327,534,350,116
52378,NARIÑO,LA CRUZ,0,0,178,26,15,7,20,,15,31,29,153,57,233,153,75
52381,NARIÑO,LA FLORIDA,0,0,0,45,15,75,64,,141,122,99,93,16,70,79,23
52385,NARIÑO,LA LLANADA,0,0,109,0,22,98,86,42,176,294,93,114,185,78,167,30
52390,NARIÑO,LA TOLA,56,0,0,0,0,0,0,538,779,15,,146,49,243,326,88
52399,NARIÑO,LA UNION,0,0,14,79,74,54,56,46,164,223,143,91,376,154,219,81
52405,NARIÑO,LEIVA,200,0,0,4,559,49,29,56,145,110,120,522,137,654,793,58
52411,NARIÑO,LINARES,0,0,188,63,121,109,162,16,219,179,84,160,91,466,450,197
52418,NARIÑO,LOS ANDES,0,0,154,420,219,360,310,2111,200,133,105,221,143,274,184,82
52427,NARIÑO,MAGsI,0,0,0,0,467,50,0,413,68,,1376,506,500,505,705,96
52435,NARIÑO,MALLAMA,116,0,14,12,0,32,52,,65,162,54,80,34,156,104,20
52473,NARIÑO,MOSQUERA,0,0,28,139,90,0,5,,23,334,365,269,81,428,391,147
52480,NARIÑO,NARIÑO,0,0,0,0,12,0,15,,24,25,8,43,11,6,24,4
52490,NARIÑO,OLAYA HERRERA,50,0,0,0,16,8,13,153,475,1370,1179,2132,269,1361,1104,279
52506,NARIÑO,OSPINA,0,0,10,0,0,0,0,,0,0,,4,2,5,6,0
52520,NARIÑO,FRANCISCO PIZARRO,0,0,0,0,0,93,5,,102,90,26,291,20,586,389,659
52540,NARIÑO,POLICARPA,30,538,147,47,25,404,238,5398,364,1374,232,1356,626,1915,814,318
52560,NARIÑO,POTOSI,0,0,161,98,21,42,5,,94,12,8,23,24,5,36,0
52565,NARIÑO,PROVIDENCIA,0,0,27,26,62,33,38,,23,,6,32,26,99,75,34
52573,NARIÑO,PUERRES,23,49,34,74,1,18,44,53,79,61,96,31,15,25,6,11
52585,NARIÑO,PUPIALES,46,0,19,0,4,6,0,,14,42,21,4,17,9,21,3
52612,NARIÑO,RICAURTE,85,170,182,716,125,163,1375,2202,220,347,131,237,1049,1818,175,49
52621,NARIÑO,ROBERTO PAYAN,0,0,0,0,0,21,0,17,1102,203,123,2097,13,2005,646,109
52678,NARIÑO,SAMANIEGO,65,0,1402,903,618,318,350,59,923,1589,263,719,493,1169,987,268
52683,NARIÑO,SANDONA,0,0,30,33,5,117,185,80,151,215,260,98,155,229,155,57
52685,NARIÑO,SAN BERNARDO,0,35,15,0,0,0,14,11,17,19,16,39,49,30,31,13
52687,NARIÑO,SAN LORENZO,0,0,124,280,116,124,179,60,52,83,66,106,69,108,62,20
52693,NARIÑO,SAN PABLO,158,0,184,12,7,27,37,10,58,33,39,49,20,139,177,57
52694,NARIÑO,SAN PEDRO DE CARTAGO,0,0,0,0,0,0,49,,0,14,10,17,12,18,20,2
52696,NARIÑO,SANTA BARBARA,0,0,4250,0,0,40,101,,1068,128,927,731,259,803,392,75
52699,NARIÑO,SANTACRUZ,0,0,0,0,135,8,35,,41,205,64,184,17,401,437,93
52720,NARIÑO,SAPUYES,0,0,0,0,0,0,0,,0,0,,3,0,4,0,2
52786,NARIÑO,TAMINANGO,0,0,1212,725,109,393,518,107,681,614,510,241,523,156,195,73
52788,NARIÑO,TANGUA,0,0,15,118,10,0,9,,17,18,8,8,19,54,54,9
52835,NARIÑO,SAN ANDRES DE TUMACO,405,1658,1032,1144,1318,1645,1994,974,4178,5114,7258,13548,15296,12377,13657,5546
52838,NARIÑO,TUQUERRES,0,0,19,77,63,17,66,58,47,39,31,50,57,122,58,17
52885,NARIÑO,YACUANQUER,0,0,0,6,13,12,0,,32,26,17,14,15,11,20,7
54001,N. DE SANTANDER,CUCUTA,11000,2573,2310,14327,6827,5936,10319,4364,5120,4466,3556,891,1441,992,1929,303
54003,N. DE SANTANDER,ABREGO,480,0,10,35,18,59,158,78,168,89,39,220,27,201,225,81
54051,N. DE SANTANDER,ARBOLEDAS,0,0,60,0,24,20,0,77,8,1,11,28,3,21,23,0
54099,N. DE SANTANDER,BOCHALEMA,0,0,0,4,7,0,10,60,23,16,,0,40,1,6,0
54109,N. DE SANTANDER,BUCARASICA,0,0,0,0,0,0,0,145,12,,,18,0,33,29,7
54125,N. DE SANTANDER,CACOTA,0,0,0,0,0,0,0,,0,,,0,0,7,0,0
54128,N. DE SANTANDER,CACHIRA,85,0,0,71,14,0,39,37,0,9,,58,11,42,33,16
54172,N. DE SANTANDER,CHINACOTA,0,0,0,50,4,15,21,38,46,29,27,16,9,6,4,4
54174,N. DE SANTANDER,CHITAGA,0,0,60,0,0,5,0,,0,0,3,8,17,35,17,4
54206,N. DE SANTANDER,CONVENCION,0,0,0,12413,1445,240,484,73,89,84,50,120,18,184,288,55
54223,N. DE SANTANDER,CUCUTILLA,0,0,0,0,0,8,181,93,20,15,,14,12,21,11,5
54239,N. DE SANTANDER,DURANIA,0,0,0,0,0,0,0,17,22,3,5,8,6,5,9,7
54245,N. DE SANTANDER,EL CARMEN,750,60,220,0,11,71,361,19,49,63,34,74,18,130,143,54
54250,N. DE SANTANDER,EL TARRA,1576,1047,750,3519,1347,1365,180,112,50,258,49,260,24,1813,602,164
54261,N. DE SANTANDER,EL ZULIA,1080,370,214,111,13,44,259,221,230,203,178,61,147,141,150,26
54313,N. DE SANTANDER,GRAMALOTE,0,0,0,0,0,0,0,81,7,15,2,0,0,11,5,0
54344,N. DE SANTANDER,HACARI,186,0,0,300,180,513,45,42,30,81,15,140,22,286,544,174
54347,N. DE SANTANDER,HERRAN,0,0,170,0,139,7,0,,135,3,,8,0,1,2,0
54377,N. DE SANTANDER,LABATECA,45,0,145,0,0,7,0,,5,13,,0,16,8,12,7
54385,N. DE SANTANDER,LA ESPERANZA,260,0,0,5,0,0,57,55,107,96,20,124,20,56,93,25
54398,N. DE SANTANDER,LA PLAYA,0,0,0,0,5,10,0,,5,5,17,125,9,81,55,57
54405,N. DE SANTANDER,LOS PATIOS,0,0,50,180,74,43,92,120,120,202,129,41,189,76,58,0
54418,N. DE SANTANDER,LOURDES,0,0,0,0,183,0,0,33,8,10,,16,19,2,10,0
54480,N. DE SANTANDER,MUTISCUA,0,0,0,0,0,0,0,,0,0,,0,0,0,3,0
54498,N. DE SANTANDER,OCAÑA,930,388,53,3680,817,1404,678,586,316,1118,586,352,336,236,328,93
54518,N. DE SANTANDER,PAMPLONA,80,0,223,67,12,24,84,70,16,49,24,16,45,11,14,0
54520,N. DE SANTANDER,PAMPLONITA,0,0,0,10,0,8,0,12,0,0,,10,6,0,0,0
54553,N. DE SANTANDER,PUERTO SANTANDER,345,0,0,2,9,120,28,11,7,44,21,30,29,79,101,14
54599,N. DE SANTANDER,RAGONVALIA,0,0,0,20,0,0,26,,26,12,5,13,1,6,0,0
54660,N. DE SANTANDER,SALAZAR,0,0,0,0,0,64,20,35,18,7,6,16,3,10,13,8
54670,N. DE SANTANDER,SAN CALIXTO,0,1800,490,0,172,594,56,77,88,912,1424,175,628,274,212,377
54673,N. DE SANTANDER,SAN CAYETANO,0,0,0,0,0,14,24,,16,13,6,19,4,1,1,6
54680,N. DE SANTANDER,SANTIAGO,250,0,0,0,110,0,0,,16,0,,6,6,12,10,0
54720,N. DE SANTANDER,SARDINATA,2160,275,98,69,84,305,113,242,99,194,117,190,197,538,520,105
54743,N. DE SANTANDER,SILOS,0,0,0,0,0,0,0,,0,0,,0,0,0,6,4
54800,N. DE SANTANDER,TEORAMA,0,0,40,160,8,82,335,150,137,67,35,250,37,950,308,93
54810,N. DE SANTANDER,TIBU,1495,650,1080,1137,656,1240,320,165,100,194,103,591,168,672,854,246
54820,N. DE SANTANDER,TOLEDO,0,0,160,0,0,15,47,21,67,34,26,58,6,42,100,4
54871,N. DE SANTANDER,VILLA CARO,0,0,0,0,0,0,0,,22,4,,3,7,0,4,0
54874,N. DE SANTANDER,VILLA DEL ROSARIO,170,150,102,159,74,450,156,190,304,404,320,141,199,216,171,42
63001,QUINDIO,ARMENIA,50,251,738,2127,411,1084,1305,333,1011,1616,1278,297,628,111,153,55
63111,QUINDIO,BUENAVISTA,0,0,20,96,3,50,70,,4,36,25,14,22,5,3,0
63130,QUINDIO,CALARCA,0,0,212,249,23,274,308,27,136,211,84,184,356,124,121,18
63190,QUINDIO,CIRCASIA,0,42,32,189,27,123,124,13,123,115,83,35,80,34,49,36
63212,QUINDIO,CORDOBA,0,38,110,140,7,57,103,5,31,54,25,98,32,26,34,19
63272,QUINDIO,FILANDIA,0,0,0,0,27,51,100,13,31,36,23,50,27,11,5,2
63302,QUINDIO,GENOVA,13,35,138,82,0,104,124,7,109,98,82,155,45,88,69,25
63401,QUINDIO,LA TEBAIDA,0,21,107,360,55,225,301,118,461,401,279,84,164,25,44,10
63470,QUINDIO,MONTENEGRO,0,0,184,328,63,179,322,86,313,346,227,119,124,46,53,50
63548,QUINDIO,PIJAO,0,0,98,120,30,28,27,16,46,164,112,119,53,56,50,22
63594,QUINDIO,QUIMBAYA,12,85,204,206,45,115,328,28,238,177,73,76,95,28,39,6
63690,QUINDIO,SALENTO,0,0,89,70,3,10,37,6,60,54,17,39,16,13,33,3
66001,RISARALDA,PEREIRA,1738,1270,1310,3099,2440,2576,2616,2473,5421,6165,5247,383,1161,169,337,108
66045,RISARALDA,APIA,0,0,18,25,27,58,81,75,39,27,18,26,34,53,40,21
66075,RISARALDA,BALBOA,0,412,107,61,18,18,43,62,83,47,20,22,28,2,19,0
66088,RISARALDA,BELEN DE UMBRIA,0,0,53,84,5,30,147,83,59,42,13,75,17,66,83,30
66170,RISARALDA,DOSQUEBRADAS,95,460,379,988,242,382,667,763,733,697,585,134,236,48,92,27
66318,RISARALDA,GUATICA,0,0,18,20,6,34,92,138,238,118,78,18,65,56,37,4
66383,RISARALDA,LA CELIA,0,0,24,35,10,21,89,81,78,48,19,21,15,6,10,15
66400,RISARALDA,LA VIRGINIA,82,1622,234,132,78,201,169,98,104,138,110,76,161,48,47,23
66440,RISARALDA,MARSELLA,0,0,35,101,15,25,65,53,47,73,17,35,29,16,30,7
66456,RISARALDA,MISTRATO,15,138,39,18,105,51,154,80,87,51,25,124,49,194,159,58
66572,RISARALDA,PUEBLO RICO,185,653,219,729,273,44,63,29,93,96,70,265,95,1142,129,91
66594,RISARALDA,QUINCHIA,0,160,72,0,10,685,210,153,156,145,57,116,15,101,82,69
66682,RISARALDA,SANTA ROSA DE CABAL,0,0,139,121,82,87,256,296,311,363,120,93,100,24,13,13
66687,RISARALDA,SANTUARIO,112,49,131,85,20,59,114,132,72,36,18,41,6,52,73,22
68001,SANTANDER,BUCARAMANGA,7707,2005,4760,4622,3578,5774,6977,3090,3956,3840,3397,887,1020,152,168,63
68013,SANTANDER,AGUADA,0,0,0,0,0,0,23,,0,,,0,4,3,0,0
68020,SANTANDER,ALBANIA,0,0,0,0,0,7,0,,0,0,,10,0,7,8,2
68051,SANTANDER,ARATOCA,0,0,0,0,0,4,0,,0,0,,12,0,0,0,0
68077,SANTANDER,BARBOSA,520,0,72,103,47,43,75,74,98,158,46,13,72,17,12,19
68079,SANTANDER,BARICHARA,0,0,0,0,0,0,0,,26,,,10,0,2,0,0
68081,SANTANDER,BARRANCABERMEJA,8820,5010,3025,1777,1017,3599,2454,315,4163,5349,4779,1535,848,396,584,181
68092,SANTANDER,BETULIA,0,0,0,20,0,17,21,,0,2,,0,4,4,9,0
68101,SANTANDER,BOLIVAR,0,0,100,47,0,5,34,20,14,,,141,4,49,61,3
68121,SANTANDER,CABRERA,0,0,0,0,0,0,0,,3,,,0,2,0,0,0
68132,SANTANDER,CALIFORNIA,0,0,0,0,0,0,0,,0,0,,0,0,0,0,0
68147,SANTANDER,CAPITANEJO,60,0,23,38,0,5,38,,0,0,3,31,0,16,11,2
68152,SANTANDER,CARCASI,0,0,0,0,0,7,0,,20,,,0,0,3,1,0
68160,SANTANDER,CEPITA,0,0,0,0,0,5,0,,0,0,,0,0,0,0,0
68162,SANTANDER,CERRITO,172,0,0,0,13,0,13,17,0,0,,1,0,0,3,0
68167,SANTANDER,CHARALA,0,0,0,0,5,0,10,18,34,5,,19,0,10,0,0
68169,SANTANDER,CHARTA,0,0,0,0,0,0,15,13,0,0,,0,0,0,0,0
68176,SANTANDER,CHIMA,0,0,0,38,0,0,0,,51,13,7,10,0,1,5,5
68179,SANTANDER,CHIPATA,0,0,0,0,0,1,0,13,0,0,,0,0,4,0,5
68190,SANTANDER,CIMITARRA,465,0,0,0,9,10,41,,6,40,11,295,28,129,165,36
68207,SANTANDER,CONCEPCION,80,0,0,0,238,0,64,,2,18,,6,0,6,6,0
68209,SANTANDER,CONFINES,0,0,0,17,0,0,0,,0,0,,0,0,0,0,0
68211,SANTANDER,CONTRATACION,0,0,35,38,0,17,7,19,16,7,,16,0,0,3,0
68217,SANTANDER,COROMORO,0,0,0,0,0,0,0,63,0,5,6,5,2,9,11,0
68229,SANTANDER,CURITI,0,0,0,0,0,3,6,36,0,0,,6,6,0,8,0
68235,SANTANDER,EL CARMEN DE CHUCURI,205,0,0,0,0,21,72,16,36,44,,67,8,31,23,11
68245,SANTANDER,EL GUACAMAYO,0,0,0,0,0,0,13,,9,3,,5,0,4,3,0
68250,SANTANDER,EL PEÑON,0,0,0,0,0,0,0,,53,15,1,85,0,25,43,14
68255,SANTANDER,EL PLAYON,300,100,158,12,52,147,62,100,95,53,98,53,55,37,26,15
68264,SANTANDER,ENCINO,0,0,0,0,0,0,0,,0,,,3,0,8,2,4
68266,SANTANDER,ENCISO,0,0,0,0,0,0,0,,0,,,5,6,1,4,0
68271,SANTANDER,FLORIAN,0,0,0,0,0,0,24,,0,0,,40,6,11,14,1
68276,SANTANDER,FLORIDABLANCA,1042,591,614,1006,569,489,723,526,1015,621,654,49,412,10,26,8
68296,SANTANDER,GALAN,0,0,0,0,0,0,0,,0,8,7,0,0,0,1,0
68298,SANTANDER,GAMBITA,0,0,0,0,1,0,0,,3,2,,9,0,5,8,0
68307,SANTANDER,GIRON,876,177,529,893,357,265,607,692,1070,1036,984,876,687,17,24,16
68318,SANTANDER,GUACA,0,0,0,0,0,0,0,,0,0,,3,0,11,0,0
68320,SANTANDER,GUADALUPE,0,0,0,1,2,0,0,,5,0,5,4,0,0,0,0
68322,SANTANDER,GUAPOTA,0,0,0,0,0,0,0,,0,0,,0,0,4,0,2
68324,SANTANDER,GUAVATA,0,0,0,0,0,0,0,,0,0,,0,0,3,3,0
68327,SANTANDER,GsEPSA,0,0,0,0,1,13,0,,0,0,,9,0,0,0,0
68344,SANTANDER,HATO,0,0,80,250,0,6,23,,4,0,,5,3,6,0,0
68368,SANTANDER,JESUS MARIA,0,0,0,0,0,0,5,15,0,0,,14,0,10,0,4
68370,SANTANDER,JORDAN,0,0,0,0,0,0,0,,6,0,,0,0,1,0,0
68377,SANTANDER,LA BELLEZA,0,0,100,0,0,0,16,13,16,,,83,11,43,42,3
68385,SANTANDER,LANDAZURI,0,0,40,671,38,42,70,63,64,38,19,145,22,89,78,31
68397,SANTANDER,LA PAZ,0,0,0,0,0,0,0,,0,0,,21,0,19,16,0
68406,SANTANDER,LEBRIJA,577,18,193,168,65,349,331,216,304,134,92,57,56,42,26,6
68418,SANTANDER,LOS SANTOS,0,0,0,0,0,10,19,,26,0,,0,0,3,0,0
68425,SANTANDER,MACARAVITA,0,0,0,0,0,7,15,,0,0,,10,0,4,0,0
68432,SANTANDER,MALAGA,0,0,42,52,13,35,31,60,29,10,,13,3,4,21,4
68444,SANTANDER,MATANZA,0,0,55,26,30,6,34,31,19,5,,6,9,30,7,1
68464,SANTANDER,MOGOTES,0,23,0,0,0,12,52,,11,8,5,25,0,2,0,0
68468,SANTANDER,MOLAGAVITA,0,0,40,0,0,0,0,,0,0,,4,0,10,5,0
68498,SANTANDER,OCAMONTE,0,0,0,0,0,0,0,,0,0,,9,0,0,0,0
68500,SANTANDER,OIBA,0,70,0,0,0,15,43,13,0,1,8,34,4,0,4,1
68502,SANTANDER,ONZAGA,0,0,0,0,0,0,0,,11,0,7,35,0,3,0,0
68522,SANTANDER,PALMAR,0,0,0,0,0,0,0,,0,5,,0,0,0,0,0
68524,SANTANDER,PALMAS DEL SOCORRO,0,0,0,16,7,0,0,,0,,3,0,3,0,3,0
68533,SANTANDER,PARAMO,0,0,0,0,0,0,0,,0,7,,0,0,0,0,0
68547,SANTANDER,PIEDECUESTA,651,0,165,568,218,252,518,866,671,516,858,88,230,65,32,11
68549,SANTANDER,PINCHOTE,0,0,0,0,0,0,9,,0,,,0,0,0,0,0
68572,SANTANDER,PUENTE NACIONAL,0,0,0,0,7,0,0,,0,17,9,10,10,10,15,0
68573,SANTANDER,PUERTO PARRA,0,0,0,0,0,0,45,,65,28,18,41,1,21,13,10
68575,SANTANDER,PUERTO WILCHES,631,80,54,44,37,26,202,,229,190,121,213,24,147,126,49
68615,SANTANDER,RIONEGRO,0,0,36,49,65,59,84,124,87,44,32,175,12,76,41,3
68655,SANTANDER,SABANA DE TORRES,630,0,10,0,0,77,82,,103,138,149,175,113,79,46,26
68669,SANTANDER,SAN ANDRES,0,0,40,0,0,7,0,,0,8,,36,0,2,0,0
68673,SANTANDER,SAN BENITO,0,0,0,0,0,0,0,,0,6,,0,0,2,0,0
68679,SANTANDER,SAN GIL,0,0,25,24,16,39,74,53,40,32,12,5,18,7,0,0
68682,SANTANDER,SAN JOAQUIN,0,0,0,0,0,0,0,,0,0,,6,0,0,0,0
68684,SANTANDER,SAN JOSE DE MIRANDA,0,0,0,0,0,7,0,,0,0,,0,0,7,0,0
68686,SANTANDER,SAN MIGUEL,0,0,0,0,0,200,0,,0,,,13,0,0,0,0
68689,SANTANDER,SAN VICENTE DE CHUCURI,0,0,0,0,20,41,160,94,135,121,43,149,6,106,62,34
68705,SANTANDER,SANTA BARBARA,0,0,0,0,5,0,0,,0,0,,6,0,3,0,0
68720,SANTANDER,SANTA HELENA DEL OPON,0,0,0,0,0,0,0,,0,1,,37,1,38,6,0
68745,SANTANDER,SIMACOTA,0,0,0,28,11,28,31,56,31,11,6,43,9,16,40,8
68755,SANTANDER,SOCORRO,0,0,25,16,34,31,52,44,55,85,39,3,25,5,22,0
68770,SANTANDER,SUAITA,0,0,0,0,0,13,49,67,17,,3,19,7,0,0,4
68773,SANTANDER,SUCRE,0,0,0,0,0,8,0,,13,2,,63,0,30,43,20
68780,SANTANDER,SURATA,0,120,40,0,136,29,25,23,12,8,,13,0,0,0,0
68820,SANTANDER,TONA,0,0,0,0,8,0,0,,0,10,,3,0,4,4,1
68855,SANTANDER,VALLE DE SAN JOSE,0,0,0,0,0,0,24,,0,0,,4,1,0,0,0
68861,SANTANDER,VELEZ,0,70,166,78,18,0,23,26,130,39,20,47,9,39,27,1
68867,SANTANDER,VETAS,0,0,0,0,0,0,0,,0,0,,0,0,4,0,0
68872,SANTANDER,VILLANUEVA,0,0,0,0,0,0,0,,1,0,,0,0,4,0,9
68895,SANTANDER,ZAPATOCA,0,0,0,22,4,0,0,,0,5,,13,0,0,3,0
70001,SUCRE,SINCELEJO,6000,1026,9700,10814,3850,5448,5341,2780,4534,2476,1317,1216,1392,214,150,104
70110,SUCRE,BUENAVISTA,0,100,16,97,205,10,31,24,0,78,32,21,13,21,22,6
70124,SUCRE,CAIMITO,55,0,0,0,2,0,0,,0,11,16,0,36,10,27,6
70204,SUCRE,COLOSO,353,1675,227,0,10,51,55,47,25,6,,27,2,12,30,2
70215,SUCRE,COROZAL,195,484,508,693,336,767,1185,570,526,1014,1256,44,121,41,25,5
70221,SUCRE,COVEÑAS,0,0,0,0,0,0,31,,32,22,8,9,46,4,24,3
70230,SUCRE,CHALAN,308,1370,599,0,0,17,0,,0,11,10,61,2,15,13,5
70233,SUCRE,EL ROBLE,0,0,0,0,0,17,0,,6,7,15,16,8,41,22,5
70235,SUCRE,GALERAS,0,0,50,278,16,29,83,81,43,171,80,39,27,56,30,6
70265,SUCRE,GUARANDA,636,100,38,515,410,96,192,97,262,19,27,72,94,148,182,25
70400,SUCRE,LA UNION,30,0,0,0,0,0,53,9,39,0,20,4,24,3,10,0
70418,SUCRE,LOS PALMITOS,134,40,110,339,22,43,186,136,61,134,27,34,65,21,56,2
70429,SUCRE,MAJAGUAL,782,0,83,118,57,15,0,,18,16,71,138,2,132,124,52
70473,SUCRE,MORROA,0,311,84,178,42,116,111,66,23,101,27,16,12,24,10,4
70508,SUCRE,OVEJAS,355,1007,1230,342,181,447,432,259,611,73,11,156,0,61,34,24
70523,SUCRE,PALMITO,0,0,0,12,0,0,48,35,14,,6,9,3,26,24,1
70670,SUCRE,SAMPUES,47,82,84,81,106,65,142,56,89,137,99,22,119,31,32,17
70678,SUCRE,SAN BENITO ABAD,0,0,10,27,0,180,149,142,107,175,81,169,235,72,52,5
70702,SUCRE,SAN JUAN DE BETULIA,0,23,0,59,0,0,0,,2,10,,6,18,12,5,0
70708,SUCRE,SAN MARCOS,62,0,150,15,0,61,46,104,3,64,51,186,46,162,157,45
70713,SUCRE,SAN ONOFRE,90,520,310,88,376,254,403,405,368,134,49,137,45,162,77,88
70717,SUCRE,SAN PEDRO,29,0,32,170,116,93,65,29,75,49,48,27,26,37,18,18
70742,SUCRE,SAN LUIS DE SINCE,60,0,93,567,7,59,22,33,31,12,3,44,15,19,14,2
70771,SUCRE,SUCRE,36,0,0,110,5,62,0,,20,24,12,212,13,100,136,14
70820,SUCRE,SANTIAGO DE TOLU,148,52,10,36,5,71,41,59,29,11,8,22,0,8,12,30
70823,SUCRE,TOLU VIEJO,0,362,30,167,70,186,131,71,171,312,53,118,21,91,37,3
73001,TOLIMA,IBAGUE,2550,6550,5000,11075,1345,5330,6765,1605,5206,6708,4637,2853,3395,1035,977,400
73024,TOLIMA,ALPUJARRA,0,65,0,0,0,0,0,83,16,,17,101,16,45,30,15
73026,TOLIMA,ALVARADO,0,0,0,0,4,38,22,,20,23,21,144,24,81,67,6
73030,TOLIMA,AMBALEMA,0,0,0,0,1,10,7,38,13,15,18,39,0,37,28,11
73043,TOLIMA,ANZOATEGUI,0,0,0,0,5,5,28,,33,53,32,325,134,253,330,73
73055,TOLIMA,ARMERO,0,0,35,0,0,13,15,,8,25,,87,1,20,27,9
73067,TOLIMA,ATACO,141,134,40,100,0,33,51,,70,47,38,447,30,571,632,253
73124,TOLIMA,CAJAMARCA,0,0,32,0,217,252,317,81,368,180,202,419,203,244,215,110
73148,TOLIMA,CARMEN DE APICALA,0,0,0,0,5,8,0,21,19,37,39,28,30,2,5,3
73152,TOLIMA,CASABIANCA,0,0,0,0,5,45,0,,49,0,,106,0,78,58,9
73168,TOLIMA,CHAPARRAL,410,1688,810,120,45,138,56,124,541,545,261,1071,334,892,698,316
73200,TOLIMA,COELLO,0,0,0,0,23,0,76,,24,18,1,21,1,29,27,12
73217,TOLIMA,COYAIMA,174,0,96,405,112,47,0,59,19,12,3,477,1,512,738,272
73226,TOLIMA,CUNDAY,0,48,38,0,5,53,82,56,79,55,10,102,18,199,126,39
73236,TOLIMA,DOLORES,98,0,60,120,0,34,0,1430,9,23,26,145,18,126,152,52
73268,TOLIMA,ESPINAL,0,0,170,0,54,0,99,65,98,126,152,92,69,32,33,0
73270,TOLIMA,FALAN,0,0,30,0,0,12,20,,6,16,19,54,9,30,32,10
73275,TOLIMA,FLANDES,0,0,11,0,10,10,13,21,34,24,28,10,19,17,17,0
73283,TOLIMA,FRESNO,46,0,10,0,20,61,70,64,66,47,44,243,72,75,73,46
73319,TOLIMA,GUAMO,0,0,13,5,7,12,19,,34,33,39,71,39,56,65,17
73347,TOLIMA,HERVEO,0,0,0,0,0,0,0,,17,,,94,9,66,29,11
73349,TOLIMA,HONDA,0,0,0,0,0,12,21,33,7,14,,71,0,36,34,1
73352,TOLIMA,ICONONZO,133,0,150,0,0,45,70,25,48,42,34,220,30,150,151,28
73408,TOLIMA,LERIDA,0,0,0,0,6,26,10,149,96,170,67,78,27,73,35,22
73411,TOLIMA,LIBANO,138,0,493,50,1308,162,263,85,453,717,810,749,290,225,327,92
73443,TOLIMA,MARIQUITA,0,0,49,0,0,5,33,39,99,86,76,124,34,51,74,20
73449,TOLIMA,MELGAR,0,0,18,0,25,45,58,44,86,82,87,19,91,35,6,0
73461,TOLIMA,MURILLO,0,0,0,0,0,0,0,,13,47,26,96,6,61,76,7
73483,TOLIMA,NATAGAIMA,29,0,500,110,11,62,265,48,127,93,33,313,32,130,212,70
73504,TOLIMA,ORTEGA,67,0,134,0,113,106,23,54,47,40,91,429,25,417,360,104
73520,TOLIMA,PALOCABILDO,0,0,0,0,0,14,5,47,40,25,24,105,36,39,60,13
73547,TOLIMA,PIEDRAS,0,0,0,0,0,0,0,,0,6,5,9,8,0,5,13
73555,TOLIMA,PLANADAS,266,430,272,140,5,513,466,425,406,154,67,1303,76,916,944,365
73563,TOLIMA,PRADO,125,0,78,25,5,3,25,,20,32,23,176,34,84,99,18
73585,TOLIMA,PURIFICACION,0,0,13,2,33,47,32,44,27,37,12,96,20,140,31,54
73616,TOLIMA,RIOBLANCO,1193,3012,1307,188,10,260,105,,12,35,5,1053,7,761,621,267
73622,TOLIMA,RONCESVALLES,0,0,0,0,0,38,0,,0,9,1,197,7,124,137,30
73624,TOLIMA,ROVIRA,0,0,36,13,15,61,25,,243,219,144,983,88,547,471,140
73671,TOLIMA,SALDAÑA,290,0,0,0,8,8,14,41,26,35,6,88,0,48,30,16
73675,TOLIMA,SAN ANTONIO,0,20,0,0,9,24,41,,56,46,37,480,59,313,317,123
73678,TOLIMA,SAN LUIS,0,30,0,0,0,11,39,66,28,19,17,100,24,60,39,26
73686,TOLIMA,SANTA ISABEL,62,0,0,0,0,25,30,,1,30,11,217,17,110,100,67
73770,TOLIMA,SUAREZ,0,0,20,22,0,0,0,,0,3,5,3,0,0,11,0
73854,TOLIMA,VALLE DE SAN JUAN,0,0,195,40,0,12,30,,29,4,6,40,4,39,33,6
73861,TOLIMA,VENADILLO,0,0,38,35,15,22,16,,70,60,38,160,11,142,120,16
73870,TOLIMA,VILLAHERMOSA,0,0,0,0,0,33,43,,64,30,5,268,22,134,107,50
73873,TOLIMA,VILLARRICA,30,0,0,0,0,18,19,,8,36,21,134,13,101,107,34
76001,VALLE DEL CAUCA,CALI,9079,5750,5191,4609,4274,6570,25260,4324,8895,17806,9522,5847,7750,1325,2070,1177
76020,VALLE DEL CAUCA,ALCALA,0,0,16,0,0,19,38,32,64,73,10,47,45,39,69,11
76036,VALLE DEL CAUCA,ANDALUCIA,0,0,0,0,10,11,59,,0,6,,19,9,31,29,8
76041,VALLE DEL CAUCA,ANSERMANUEVO,0,0,0,0,24,7,72,48,71,19,13,44,26,55,60,5
76054,VALLE DEL CAUCA,ARGELIA,0,0,0,0,8,0,55,31,139,55,42,54,17,55,79,16
76100,VALLE DEL CAUCA,BOLIVAR,146,0,0,0,0,6,56,12,21,16,25,193,13,116,244,135
76109,VALLE DEL CAUCA,BUENAVENTURA,1829,8606,4023,818,5873,4632,3076,1766,7413,7820,8198,4631,5032,22052,32482,18902
76111,VALLE DEL CAUCA,GUADALAJARA DE BUGA,2020,2500,415,22,33,122,150,40,558,455,275,175,194,198,159,74
76113,VALLE DEL CAUCA,BUGALAGRANDE,500,250,0,4,43,54,87,85,64,70,71,109,59,123,116,15
76122,VALLE DEL CAUCA,CAICEDONIA,0,240,0,10,0,93,11,28,183,138,104,93,64,80,115,32
76126,VALLE DEL CAUCA,CALIMA,0,0,310,0,0,752,0,,51,84,65,91,45,81,103,26
76130,VALLE DEL CAUCA,CANDELARIA,110,0,0,1,10,125,98,32,189,319,313,65,212,44,193,45
76147,VALLE DEL CAUCA,CARTAGO,0,188,0,56,81,857,535,89,197,214,156,93,179,93,202,31
76233,VALLE DEL CAUCA,DAGUA,152,1006,452,405,147,43,101,23,484,415,420,270,120,222,270,65
76243,VALLE DEL CAUCA,EL AGUILA,0,40,0,0,0,0,15,,7,,,40,1,46,70,16
76246,VALLE DEL CAUCA,EL CAIRO,0,0,0,0,0,26,58,31,29,48,17,62,15,20,33,15
76248,VALLE DEL CAUCA,EL CERRITO,120,0,75,0,41,15,53,38,60,87,111,112,168,73,76,20
76250,VALLE DEL CAUCA,EL DOVIO,0,0,0,0,0,5,32,8,13,0,3,262,13,214,128,46
76275,VALLE DEL CAUCA,FLORIDA,125,483,70,600,14,17,108,65,227,255,312,234,132,260,217,67
76306,VALLE DEL CAUCA,GINEBRA,0,0,0,0,0,43,63,9,6,27,28,86,19,25,36,33
76318,VALLE DEL CAUCA,GUACARI,0,0,0,5,18,4,52,37,57,34,7,28,57,36,84,14
76364,VALLE DEL CAUCA,JAMUNDI,2570,4850,869,1597,91,95,283,184,459,449,994,310,343,479,465,68
76377,VALLE DEL CAUCA,LA CUMBRE,0,600,30,0,8,17,20,,13,18,15,44,25,20,35,7
76400,VALLE DEL CAUCA,LA UNION,0,0,0,18,32,119,13,17,80,131,35,80,160,107,117,24
76403,VALLE DEL CAUCA,LA VICTORIA,0,0,0,0,10,4,18,31,22,8,8,32,39,44,44,2
76497,VALLE DEL CAUCA,OBANDO,0,0,0,0,0,21,76,,34,69,13,23,19,28,26,5
76520,VALLE DEL CAUCA,PALMIRA,150,20,786,42,75,191,322,134,794,708,573,269,362,278,360,85
76563,VALLE DEL CAUCA,PRADERA,733,60,80,11,313,80,121,52,248,283,325,167,783,872,387,88
76606,VALLE DEL CAUCA,RESTREPO,0,0,0,0,0,22,95,47,69,55,23,45,37,24,56,20
76616,VALLE DEL CAUCA,RIOFRIO,0,0,0,0,0,23,87,42,98,94,62,124,168,216,138,22
76622,VALLE DEL CAUCA,ROLDANILLO,0,0,0,4,0,35,142,,63,118,72,261,204,134,225,49
76670,VALLE DEL CAUCA,SAN PEDRO,373,200,0,8,5,7,0,50,87,67,48,50,27,49,35,13
76736,VALLE DEL CAUCA,SEVILLA,594,300,0,0,32,45,89,29,58,85,37,172,95,147,127,66
76823,VALLE DEL CAUCA,TORO,0,0,0,11,20,8,38,44,39,60,10,40,20,50,92,18
76828,VALLE DEL CAUCA,TRUJILLO,67,0,0,0,4,37,36,182,58,75,71,132,45,209,342,37
76834,VALLE DEL CAUCA,TULUA,2384,1704,4470,9,128,834,516,529,1348,992,1140,637,613,631,714,139
76845,VALLE DEL CAUCA,ULLOA,0,0,0,0,0,13,17,,1,2,4,5,18,4,26,23
76863,VALLE DEL CAUCA,VERSALLES,0,0,0,0,10,0,12,,8,,,44,10,58,32,0
76869,VALLE DEL CAUCA,VIJES,0,0,0,0,7,0,0,,27,0,4,10,8,0,23,0
76890,VALLE DEL CAUCA,YOTOCO,0,0,0,5,0,0,5,,22,22,5,31,7,31,45,7
76892,VALLE DEL CAUCA,YUMBO,114,0,42,49,78,220,137,97,349,246,278,111,236,140,81,20
76895,VALLE DEL CAUCA,ZARZAL,0,0,0,1,24,8,68,71,92,104,91,91,100,62,136,25
81001,ARAUCA,ARAUCA,1000,880,985,1396,653,1129,544,919,1898,1890,1239,736,833,610,408,130
81065,ARAUCA,ARAUQUITA,158,30,39,50,52,735,101,126,593,1120,540,1044,316,602,421,114
81220,ARAUCA,CRAVO NORTE,296,0,60,40,8,59,26,28,49,29,17,48,54,37,17,2
81300,ARAUCA,FORTUL,18,81,182,15,168,439,90,430,583,757,367,359,300,180,157,64
81591,ARAUCA,PUERTO RONDON,0,330,248,29,197,396,119,,18,8,126,122,7,84,30,3
81736,ARAUCA,SARAVENA,375,365,350,537,1195,1017,224,1696,2264,2680,838,795,269,562,479,150
81794,ARAUCA,TAME,153,90,576,1282,694,555,476,817,2182,3600,1540,2377,686,1076,784,251
85001,CASANARE,YOPAL,1190,700,864,1138,928,1735,812,784,1120,774,882,543,387,153,177,45
85010,CASANARE,AGUAZUL,130,240,149,111,69,68,55,106,496,116,179,91,112,83,70,39
85015,CASANARE,CHAMEZA,0,0,0,105,16,26,11,43,29,0,,5,0,2,23,0
85125,CASANARE,HATO COROZAL,170,50,128,204,26,51,210,116,110,24,27,44,21,36,31,5
85136,CASANARE,LA SALINA,0,0,0,35,0,0,0,,5,0,1,12,0,11,26,9
85139,CASANARE,MANI,0,407,131,0,2,1652,19,96,30,12,41,28,25,17,39,5
85162,CASANARE,MONTERREY,35,588,142,329,44,1193,9,71,34,93,64,43,53,4,16,0
85225,CASANARE,NUNCHIA,0,159,14,22,18,75,30,,12,12,20,48,7,15,53,6
85230,CASANARE,OROCUE,0,0,55,58,0,25,36,87,7,24,29,26,40,20,16,24
85250,CASANARE,PAZ DE ARIPORO,44,0,46,91,31,80,72,133,238,125,106,79,85,41,81,20
85263,CASANARE,PORE,48,42,55,37,3,29,15,,7,6,8,27,24,4,18,7
85279,CASANARE,RECETOR,0,0,0,184,46,0,0,,0,2,6,8,0,15,1,0
85300,CASANARE,SABANALARGA,0,0,0,33,13,0,7,,16,19,9,8,10,0,0,0
85315,CASANARE,SACAMA,0,0,0,135,185,34,130,54,29,17,21,35,4,48,11,7
85325,CASANARE,SAN LUIS DE PALENQUE,0,0,0,0,1,27,0,34,35,5,1,8,3,5,3,0
85400,CASANARE,TAMARA,0,174,0,22,1,39,5,47,9,0,21,52,7,86,83,20
85410,CASANARE,TAURAMENA,73,355,194,32,41,905,25,68,38,35,38,61,27,62,30,16
85430,CASANARE,TRINIDAD,0,0,0,23,11,85,10,76,7,20,5,41,12,21,18,15
85440,CASANARE,VILLANUEVA,0,0,0,103,18,405,23,143,152,243,98,89,38,74,82,26
86001,PUTUMAYO,MOCOA,970,2104,2520,3626,1666,1909,2678,882,2055,2220,1285,303,1085,284,278,128
86219,PUTUMAYO,COLON,0,0,128,48,43,25,90,88,85,123,34,25,49,39,17,14
86320,PUTUMAYO,ORITO,160,1803,352,390,288,304,471,181,409,676,571,967,384,852,820,255
86568,PUTUMAYO,PUERTO ASIS,1170,500,377,1666,2932,4308,2264,2876,4541,3898,2510,2144,1608,2005,1520,494
86569,PUTUMAYO,PUERTO CAICEDO,0,0,84,162,80,143,222,81,145,407,240,481,340,473,399,91
86571,PUTUMAYO,PUERTO GUZMAN,200,0,0,25,352,420,168,89,334,347,174,1677,103,1231,1039,342
86573,PUTUMAYO,LEGUIZAMO,70,142,313,428,216,260,304,175,263,346,316,936,325,1059,870,217
86749,PUTUMAYO,SIBUNDOY,0,95,158,331,186,422,247,227,337,398,186,74,101,44,45,7
86755,PUTUMAYO,SAN FRANCISCO,0,0,88,99,27,10,68,49,74,32,45,21,52,33,9,11
86757,PUTUMAYO,SAN MIGUEL,305,1325,490,112,49,96,197,17,325,147,129,789,241,777,631,133
86760,PUTUMAYO,SANTIAGO,0,0,30,36,43,20,40,18,76,20,46,10,19,40,13,3
86865,PUTUMAYO,VALLE DEL GUAMUEZ,1470,1390,465,378,1833,367,272,1088,458,205,173,1253,195,1502,1136,329
86885,PUTUMAYO,VILLAGARZON,0,0,91,508,671,219,466,272,239,457,332,561,335,311,305,114
88001,SAN ANDRES,SAN ANDRES,0,0,0,28,0,15,0,,0,0,,0,1,5,1,0
88564,SAN ANDRES,PROVIDENCIA,0,0,0,0,0,0,0,,0,0,,0,0,0,0,0
91001,AMAZONAS,LETICIA,0,0,30,46,99,118,92,131,52,53,52,74,43,70,66,15
91263,AMAZONAS,EL ENCANTO,0,0,0,0,0,0,18,,0,0,,9,0,27,15,7
91405,AMAZONAS,LA CHORRERA,0,0,0,0,0,0,0,,14,0,,8,0,11,0,3
91407,AMAZONAS,LA PEDRERA,0,0,0,0,17,0,4,,10,0,,12,0,1,0,0
91430,AMAZONAS,LA VICTORIA,0,0,0,0,0,0,0,,0,0,,0,0,2,4,0
91460,AMAZONAS,MIRITI - PARANA,0,0,0,0,0,0,19,,0,0,,0,0,6,3,1
91530,AMAZONAS,PUERTO ALEGRIA,0,0,0,0,0,0,0,,7,,,1,0,5,12,10
91536,AMAZONAS,PUERTO ARICA,0,0,0,0,0,0,0,,11,0,,4,0,0,4,5
91540,AMAZONAS,PUERTO NARIÑO,0,0,0,0,13,0,0,,0,0,,0,0,1,4,0
91669,AMAZONAS,PUERTO SANTANDER,0,0,0,0,0,3,0,,7,0,,23,0,20,21,13
91798,AMAZONAS,TARAPACA,0,0,0,0,7,0,0,,0,0,,0,0,3,4,10
94001,GUAINIA,INIRIDA,0,0,50,120,160,473,904,151,415,570,805,167,410,141,183,54
94343,GUAINIA,BARRANCO MINAS,0,0,0,0,0,101,0,,0,115,,78,1,66,29,4
94663,GUAINIA,MAPIRIPANA,0,0,0,0,0,0,0,,0,0,,10,0,12,28,3
94883,GUAINIA,SAN FELIPE,0,0,0,0,0,0,0,,0,0,,0,0,0,0,0
94884,GUAINIA,PUERTO COLOMBIA,0,0,0,0,0,0,0,,0,0,,0,0,8,4,3
94885,GUAINIA,LA GUADALUPE,0,0,0,0,1,0,0,,0,0,,0,0,0,0,0
94886,GUAINIA,CACAHUAL,0,0,0,0,0,0,0,,0,0,,0,0,2,1,0
94887,GUAINIA,PANA PANA,0,0,0,0,0,0,0,,0,0,,0,0,0,0,0
94888,GUAINIA,MORICHAL,0,0,0,0,0,0,0,,0,0,,9,0,6,5,0
95001,GUAVIARE,SAN JOSE DEL GUAVIARE,635,0,760,805,2838,3217,2730,841,941,2687,1281,1897,934,1378,1191,383
95015,GUAVIARE,CALAMAR,0,0,0,40,0,185,11,78,87,105,32,294,56,360,238,44
95025,GUAVIARE,EL RETORNO,105,0,30,0,81,224,118,121,112,116,58,553,29,403,242,59
95200,GUAVIARE,MIRAFLORES,123,0,0,0,0,275,157,72,139,61,30,456,21,250,258,56
97001,VAUPES,MITU,0,0,0,0,26,433,581,46,168,228,32,119,69,173,124,32
97161,VAUPES,CARURU,0,0,0,0,0,157,210,,12,26,2,53,8,32,50,9
97511,VAUPES,PACOA,0,0,0,0,0,0,0,,7,0,,3,0,0,0,0
97666,VAUPES,TARAIRA,0,0,0,0,0,0,0,,6,,,0,0,1,6,0
97777,VAUPES,PAPUNAUA,0,0,0,0,0,0,0,,0,0,,16,0,6,0,0
97889,VAUPES,YAVARATE,0,0,0,0,0,13,0,,0,0,,0,0,0,0,0
99001,VICHADA,PUERTO CARREÑO,0,0,305,243,106,92,165,121,1460,288,544,58,131,48,62,24
99524,VICHADA,LA PRIMAVERA,0,0,25,1,4,5,36,50,324,70,17,57,6,59,33,4
99624,VICHADA,SANTA ROSALIA,0,0,26,0,22,0,0,13,48,15,,19,0,7,8,0
99773,VICHADA,CUMARIBO,0,0,0,121,5,762,305,86,344,106,32,909,46,453,331,50
,,,,,,,,,,,,,,,,,,
